sku,name,price_dh,compare_at_dh,stock,active,publication_status
KSG-R-026E752F4720E5,Collagen Niacinamide Jelly Cream,280,350,0,0,draft
KSG-R-05945E9940EFD6,Heartleaf 77 Clear Pad,280,,0,0,draft
KSG-R-07BC7309373F51,PDRN Pink Peptide Eye Cream,250,250,0,0,draft
KSG-R-1415AF2E3F4EC7,Green Plum Refreshing Cleanser,190,,0,0,draft
KSG-R-1CAD1EE86C29E9,PDRN Hyaluronic Acid Capsule 100 Serum,275,340,0,0,draft
KSG-R-2818EBDA1E34DF,BHA Blackhead Power Liquid,240,,0,0,draft
KSG-R-31CEACC3116C11,PDRN Pink Peptide Cream,270,330,0,0,draft
KSG-R-34162ABF1169F1,Probio-Cica Essence Toner,260,320,0,0,draft
KSG-R-35196484960597,PDRN Pink Collagen Exosome Shot,270,340,0,0,draft
KSG-R-388DFA1394252A,Retinol Intense Advanced Triple Action Eye Cream,250,249,0,0,draft
KSG-R-3A5EBC8946FBCD,Tone Brightening Capsule Ampoule,230,300,0,0,draft
KSG-R-5FC710922A92C6,PDRN 100 Hyaluronic Acid Glow Pad,280,,0,0,draft
KSG-R-779033FB9517DD,345 Relief Cream Mist,260,,0,0,draft
KSG-R-7BA4480291F171,Revive Eye Serum : Ginseng + Retinal,270,330,0,0,draft
KSG-R-81E656B6B84F55,Heartleaf 77 Soothing Toner,260,320,0,0,draft
KSG-R-86C40E4EE60B71,TXA Booster Shot,260,,0,0,draft
KSG-R-8B6FD13031DF73,Zero Pore Pads,285,350,0,0,draft
KSG-R-9452B2E9EDA56B,The Retinol 0.1 Cream,270,340,0,0,draft
KSG-R-9891A8020B75B5,Glow Serum : Propolis + Niacinamide,250,,0,0,draft
KSG-R-9C369631DFD3AC,Heartleaf 70 Daily Lotion,270,330,0,0,draft
KSG-R-ADF3211E30BFE5,Red Bean Water Gel,260,,0,0,draft
KSG-R-B9FE42BD696781,Ginseng Essence Water,270,,0,0,draft
KSG-R-BC323E829CCB3A,Advanced Snail 96 Mucin Power Essence,249,320,0,0,draft
KSG-R-BF908994C37577,Niacinamide 10 TXA 4 Serum for Brightening and Dark Spots,269,350,0,0,draft
KSG-R-C68A35991F30C6,Low pH Good Morning Gel Cleanser,190,,0,0,draft
KSG-R-CA2D37DE129FC5,Azelaic 10 Hyaluron Redness Soothing Pad,290,360,0,0,draft
KSG-R-D6134879037738,Deep Vita C Pads,250,330,0,0,draft
KSG-R-E05B3DE633F905,Poremizing Quick Clay Stick Mask,265,,0,0,draft
KSG-R-E2E7CF15AFC948,Acne Pimple Master Patch,60,80,0,0,draft
KSG-R-FD8F58215FC2FA,Advanced Snail 92 All in One Cream,270,330,0,0,draft
