source,issue,brand,identity,product_ids,names,recommended_action
CURRENT_DATABASE,BRAND_NORMALIZED_NAME,Beauty of Joseon,beauty of joseon|stay fresh tone up sunscreen centella ceramide spf50 pa,8;9,Beauty of Joseon Stay Fresh Tone-Up Sunscreen Centella + Ceramide SPF50+ PA++++ | Beauty of Joseon Stay Fresh Tone-Up Sunscreen Centella + Ceramide SPF50+ PA++++,Review manually; no rows deleted
CURRENT_DATABASE,BRAND_NORMALIZED_NAME,SKIN1004,skin1004|madagascar centella hyalu cica water fit sun serum spf50 pa,22;23,SKIN1004 Madagascar Centella Hyalu-Cica Water-Fit Sun Serum SPF50+ PA++++ 100ml | SKIN1004 Madagascar Centella Hyalu-Cica Water-Fit Sun Serum SPF50+ PA++++ 50ml,Review manually; no rows deleted
RESEARCH_IMPORT,POSSIBLE_NAME_COLLISION,ANUA,research-anua-heartleaf-pore-cleansing-oil-mild,6,Heartleaf Pore Cleansing Oil Mild => Anua Heartleaf Pore Control Cleansing Oil Mild 200ml,Resolve product identity manually before import
RESEARCH_IMPORT,POSSIBLE_NAME_COLLISION,ANUA,research-anua-peach-70-niacinamide-serum,7,Peach 70% Niacinamide Serum => Anua Peach 70 Niacin Serum 30ml,Resolve product identity manually before import
RESEARCH_IMPORT,POSSIBLE_NAME_COLLISION,ANUA,research-anua-zero-cast-moisturizing-finish-sunscreen,74,Zero-cast Moisturizing Finish Sunscreen => Anua Zero-Cast Moisturizing Finish Sunscreen SPF50+ PA++++ 50ml,Resolve product identity manually before import
RESEARCH_IMPORT,POSSIBLE_NAME_COLLISION,SKIN1004,research-skin1004-centella-light-cleansing-oil,61,Centella Light Cleansing Oil => SKIN1004 Madagascar Centella Light Cleansing Oil 200ml,Resolve product identity manually before import
RESEARCH_IMPORT,POSSIBLE_NAME_COLLISION,Medicube,research-medicube-txa-niacinamide-serum,54,TXA Niacinamide Serum => Medicube TXA Niacinamide 15 Serum 30ml,Resolve product identity manually before import
RESEARCH_IMPORT,POSSIBLE_NAME_COLLISION,Medicube,research-medicube-azelaic-acid-16-calming-serum,5,Azelaic Acid 16 Calming Serum => Medicube Azelaic Acid 16 BB Calming Serum 30ml,Resolve product identity manually before import
RESEARCH_IMPORT,POSSIBLE_NAME_COLLISION,AXIS-Y,research-axis-y-dark-spot-correcting-glow-toner,31,Dark Spot Correcting Glow Toner => AXIS-Y Dark Spot Correcting Glow Serum,Resolve product identity manually before import
RESEARCH_IMPORT,POSSIBLE_NAME_COLLISION,AXIS-Y,research-axis-y-dark-spot-correcting-glow-cream,31,Dark Spot Correcting Glow Cream => AXIS-Y Dark Spot Correcting Glow Serum,Resolve product identity manually before import
RESEARCH_IMPORT,POSSIBLE_NAME_COLLISION,AXIS-Y,research-axis-y-complete-no-stress-physical-sunscreen-v-3,83,Complete No-Stress Physical Sunscreen V.3 => AXIS-Y Complete No-Stress Physical Sunscreen Ver.3 SPF50+ PA++++ 50ml,Resolve product identity manually before import
RESEARCH_IMPORT,POSSIBLE_NAME_COLLISION,SOME BY MI,research-some-by-mi-aha-bha-pha-30-days-miracle-toner,38,AHA-BHA-PHA 30 Days Miracle Toner => SOME BY MI AHA.BHA.PHA 30 Days Miracle Serum 50ml,Resolve product identity manually before import
RESEARCH_IMPORT,POSSIBLE_NAME_COLLISION,SOME BY MI,research-some-by-mi-aha-bha-pha-30-days-miracle-cream,38,AHA-BHA-PHA 30 Days Miracle Cream => SOME BY MI AHA.BHA.PHA 30 Days Miracle Serum 50ml,Resolve product identity manually before import
RESEARCH_IMPORT,POSSIBLE_NAME_COLLISION,Arencia,research-arencia-vitamin-c-booster-shot-serum,2,Vitamin C Booster Shot Serum => Arencia Vitamin C Booster Shot 30ml,Resolve product identity manually before import
