brand,sku,barcode,slug,official_name,display_name_fr,size,size_value,size_unit,product_type,product_subtype,price_dh,compare_at_dh,cost_dh,wholesale_dh,stock,low_stock_threshold,publication_status,verification_status,classification_verified,featured,new_arrival,new_until,short_description_fr,description_fr,manufacturer_description,manufacturer_benefits,benefits_fr,usage_instructions_fr,manufacturer_usage_instructions,usage_time,routine_step,skin_types,concerns,key_ingredients,full_inci,warnings_fr,official_source_name,official_source_url,source_language,verified_at,seo_title,seo_description,image_url,image_urls,image_alt_fr,search_aliases
Anua,KG-0006,,anua-heartleaf-pore-control-cleansing-oil-mild-200ml-0006,Anua Heartleaf Pore Control Cleansing Oil Mild 200ml,Anua Heartleaf Pore Control Cleansing Oil Mild 200ml,200ml,,,Huiles & Baumes,,240,,,,0,3,published,UNVERIFIED,false,,,,,,,,,,,,,,,,,,,,,,,,/assets/catalog/0006-anua-heartleaf-pore-control-cleansing-oil-mild-200ml.png,,Anua Heartleaf Pore Control Cleansing Oil Mild 200ml,
Anua,KG-0007,,anua-peach-70-niacin-serum-30ml-0007,Anua Peach 70 Niacin Serum 30ml,Anua Peach 70 Niacin Serum 30ml,30ml,,,Sérums & Ampoules,,240,,,,0,3,published,UNVERIFIED,false,,,,,,,,,,,,,,,,,,,,,,,,/assets/catalog/0007-anua-peach-70-niacin-serum-30ml.png,,Anua Peach 70 Niacin Serum 30ml,
COSRX,KG-0010,,cosrx-ultra-light-invisible-sunscreen-spf50-pa-0010,COSRX Ultra-Light Invisible Sunscreen SPF50+ PA++++,COSRX Ultra-Light Invisible Sunscreen SPF50+ PA++++,,,,Protection solaire,,230,,,,0,3,published,UNVERIFIED,false,,,,,,,,,,,,,,,,,,,,,,,,/assets/catalog/0010-cosrx-ultra-light-invisible-sunscreen-spf50-pa.png,,COSRX Ultra-Light Invisible Sunscreen SPF50+ PA++++,
SKIN1004,KG-0012,,skin1004-madagascar-centella-tea-trica-purifying-toner-210ml-0012,SKIN1004 Madagascar Centella Tea-Trica Purifying Toner 210ml,SKIN1004 Madagascar Centella Tea-Trica Purifying Toner 210ml,210ml,,,Toners & Essences,,260,,,,0,3,published,UNVERIFIED,false,,,,,,,,,,,,,,,,,,,,,,,,/assets/catalog/0012-skin1004-madagascar-centella-tea-trica-purifying-toner-210ml.png,,SKIN1004 Madagascar Centella Tea-Trica Purifying Toner 210ml,
SKIN1004,KG-0013,,skin1004-madagascar-centella-tea-trica-relief-ampoule-100ml-0013,SKIN1004 Madagascar Centella Tea-Trica Relief Ampoule 100ml,SKIN1004 Madagascar Centella Tea-Trica Relief Ampoule 100ml,100ml,,,Sérums & Ampoules,,270,,,,0,3,published,UNVERIFIED,false,,,,,,,,,,,,,,,,,,,,,,,,/assets/catalog/0013-skin1004-madagascar-centella-tea-trica-relief-ampoule-100ml.png,,SKIN1004 Madagascar Centella Tea-Trica Relief Ampoule 100ml,
SKIN1004,KG-0014,,skin1004-madagascar-centella-tea-trica-spot-cream-20ml-0014,SKIN1004 Madagascar Centella Tea-Trica Spot Cream 20ml,SKIN1004 Madagascar Centella Tea-Trica Spot Cream 20ml,20ml,,,Crèmes,,260,,,,0,3,published,UNVERIFIED,false,,,,,,,,,,,,,,,,,,,,,,,,/assets/catalog/0014-skin1004-madagascar-centella-tea-trica-spot-cream-20ml.png,,SKIN1004 Madagascar Centella Tea-Trica Spot Cream 20ml,
SKIN1004,KG-0022,,skin1004-madagascar-centella-hyalu-cica-water-fit-sun-serum-spf50-pa-100ml-0022,SKIN1004 Madagascar Centella Hyalu-Cica Water-Fit Sun Serum SPF50+ PA++++ 100ml,SKIN1004 Madagascar Centella Hyalu-Cica Water-Fit Sun Serum SPF50+ PA++++ 100ml,100ml,,,Protection solaire,,310,,,,0,3,published,UNVERIFIED,false,,,,,,,,,,,,,,,,,,,,,,,,/assets/catalog/0022-skin1004-madagascar-centella-hyalu-cica-water-fit-sun-serum-spf50-pa-100ml.png,,SKIN1004 Madagascar Centella Hyalu-Cica Water-Fit Sun Serum SPF50+ PA++++ 100ml,
SKIN1004,KG-0056,,skin1004-madagascar-centella-matrixyl-10-boosting-shot-ampoule-30ml-0056,SKIN1004 Madagascar Centella Matrixyl 10 Boosting Shot Ampoule 30ml,SKIN1004 Madagascar Centella Matrixyl 10 Boosting Shot Ampoule 30ml,30ml,,,Sérums & Ampoules,,280,,,,0,3,published,UNVERIFIED,false,,,,,,,,,,,,,,,,,,,,,,,,/assets/catalog/0056-skin1004-madagascar-centella-matrixyl-10-boosting-shot-ampoule-30ml.png,,SKIN1004 Madagascar Centella Matrixyl 10 Boosting Shot Ampoule 30ml,
SKIN1004,KG-0061,,skin1004-madagascar-centella-light-cleansing-oil-200ml-0061,SKIN1004 Madagascar Centella Light Cleansing Oil 200ml,SKIN1004 Madagascar Centella Light Cleansing Oil 200ml,200ml,,,Huiles & Baumes,,250,,,,0,3,published,UNVERIFIED,false,,,,,,,,,,,,,,,,,,,,,,,,/assets/catalog/0061-skin1004-madagascar-centella-light-cleansing-oil-200ml.png,,SKIN1004 Madagascar Centella Light Cleansing Oil 200ml,
Anua,KG-0069,,anua-heartleaf-quercetinol-pore-deep-cleansing-foam-150ml-0069,Anua Heartleaf Quercetinol Pore Deep Cleansing Foam 150ml,Anua Heartleaf Quercetinol Pore Deep Cleansing Foam 150ml,150ml,,,Nettoyants,,250,,,,0,3,published,UNVERIFIED,false,,,,,,,,,,,,,,,,,,,,,,,,/assets/catalog/0069-anua-heartleaf-quercetinol-pore-deep-cleansing-foam-150ml.png,,Anua Heartleaf Quercetinol Pore Deep Cleansing Foam 150ml,
Beauty of Joseon,KG-0070,,beauty-of-joseon-relief-sun-aqua-fresh-rice-b5-spf50-pa-0070,Beauty of Joseon Relief Sun Aqua-Fresh Rice + B5 SPF50+ PA++++,Beauty of Joseon Relief Sun Aqua-Fresh Rice + B5 SPF50+ PA++++,,,,Protection solaire,,220,,,,0,3,published,UNVERIFIED,false,,,,,,,,,,,,,,,,,,,,,,,,/assets/catalog/0070-beauty-of-joseon-relief-sun-aqua-fresh-rice-b5-spf50-pa.png,,Beauty of Joseon Relief Sun Aqua-Fresh Rice + B5 SPF50+ PA++++,
Beauty of Joseon,KG-0071,,beauty-of-joseon-relief-sun-rice-probiotics-spf50-pa-0071,Beauty of Joseon Relief Sun Rice + Probiotics SPF50+ PA++++,Beauty of Joseon Relief Sun Rice + Probiotics SPF50+ PA++++,,,,Protection solaire,,220,,,,0,3,published,UNVERIFIED,false,,,,,,,,,,,,,,,,,,,,,,,,/assets/catalog/0071-beauty-of-joseon-relief-sun-rice-probiotics-spf50-pa.png,,Beauty of Joseon Relief Sun Rice + Probiotics SPF50+ PA++++,
Beauty of Joseon,KG-0073,,beauty-of-joseon-matte-sun-stick-mugwort-camelia-spf50-pa-0073,Beauty of Joseon Matte Sun Stick Mugwort + Camelia SPF50+ PA++++,Beauty of Joseon Matte Sun Stick Mugwort + Camelia SPF50+ PA++++,,,,Protection solaire,,220,,,,0,3,published,UNVERIFIED,false,,,,,,,,,,,,,,,,,,,,,,,,/assets/catalog/0073-beauty-of-joseon-matte-sun-stick-mugwort-camelia-spf50-pa.png,,Beauty of Joseon Matte Sun Stick Mugwort + Camelia SPF50+ PA++++,
Anua,KG-0074,,anua-zero-cast-moisturizing-finish-sunscreen-spf50-pa-50ml-0074,Anua Zero-Cast Moisturizing Finish Sunscreen SPF50+ PA++++ 50ml,Anua Zero-Cast Moisturizing Finish Sunscreen SPF50+ PA++++ 50ml,50ml,,,Protection solaire,,280,,,,0,3,published,UNVERIFIED,false,,,,,,,,,,,,,,,,,,,,,,,,/assets/catalog/0074-anua-zero-cast-moisturizing-finish-sunscreen-spf50-pa-50ml.png,,Anua Zero-Cast Moisturizing Finish Sunscreen SPF50+ PA++++ 50ml,
Beauty of Joseon,KG-0079,,beauty-of-joseon-glow-replenishing-rice-milk-0079,Beauty of Joseon Glow Replenishing Rice Milk,Beauty of Joseon Glow Replenishing Rice Milk,,,,Toners & Essences,,290,,,,0,3,published,UNVERIFIED,false,,,,,,,,,,,,,,,,,,,,,,,,/assets/catalog/0079-beauty-of-joseon-glow-replenishing-rice-milk.png,,Beauty of Joseon Glow Replenishing Rice Milk,
Beauty of Joseon,KG-0080,,beauty-of-joseon-dynasty-cream-50ml-0080,Beauty of Joseon Dynasty Cream 50ml,Beauty of Joseon Dynasty Cream 50ml,50ml,,,Crèmes,,295,,,,0,3,published,UNVERIFIED,false,,,,,,,,,,,,,,,,,,,,,,,,/assets/catalog/0080-beauty-of-joseon-dynasty-cream-50ml.png,,Beauty of Joseon Dynasty Cream 50ml,
