product_id,brand,official_name,official_source_url,current_media_status,recommended_action
166,SKIN1004,Azelaic Acid 10 Ampoule,https://www.skin1004.com/collections/ampoule-serum,NEEDS_ASSET_INGESTION,Importer et approuver un visuel produit local
165,SKIN1004,Centella Ampoule,https://www.skin1004.com/collections/ampoule-serum,NEEDS_ASSET_INGESTION,Importer et approuver un visuel produit local
160,SKIN1004,Centella Ampoule Foam,https://www.skin1004.com/collections/cleanser,NEEDS_ASSET_INGESTION,Importer et approuver un visuel produit local
188,SKIN1004,Centella Cream,https://www.skin1004.com/collections/all-products,NEEDS_ASSET_INGESTION,Importer et approuver un visuel produit local
161,SKIN1004,Centella Light Cleansing Oil,https://www.skin1004.com/collections/cleanser,NEEDS_ASSET_INGESTION,Résoudre le rapprochement manuel avant tout enrichissement média
187,SKIN1004,Centella Soothing Cream,https://www.skin1004.com/collections/cream,NEEDS_ASSET_INGESTION,Importer et approuver un visuel produit local
168,SKIN1004,Centella Teca Ampoule,https://www.skin1004.com/collections/ampoule-serum,NEEDS_ASSET_INGESTION,Importer et approuver un visuel produit local
186,SKIN1004,Centella Teca Cream,https://www.skin1004.com/collections/cream,NEEDS_ASSET_INGESTION,Importer et approuver un visuel produit local
181,SKIN1004,Centella Teca Soothing Toner,https://www.skin1004.com/collections/all/toner-mist,NEEDS_ASSET_INGESTION,Importer et approuver un visuel produit local
177,SKIN1004,Centella Toning Toner,https://www.skin1004.com/collections/toner-mist,NEEDS_ASSET_INGESTION,Importer et approuver un visuel produit local
180,SKIN1004,Hyalu-Cica Brightening Toner,https://www.skin1004.com/collections/toner-mist,NEEDS_ASSET_INGESTION,Importer et approuver un visuel produit local
182,SKIN1004,Hyalu-Cica Cloudy Mist,https://www.skin1004.com/collections/all/toner-mist,NEEDS_ASSET_INGESTION,Importer et approuver un visuel produit local
176,SKIN1004,Hyalu-Cica First Ampoule,https://www.skin1004.com/collections/ampoule-serum,NEEDS_ASSET_INGESTION,Importer et approuver un visuel produit local
185,SKIN1004,Hyalu-Cica Moisture Cream,https://www.skin1004.com/collections/cream,NEEDS_ASSET_INGESTION,Importer et approuver un visuel produit local
190,SKIN1004,Hyalu-Cica Sleeping Pack,https://www.skin1004.com/collections/all-products,NEEDS_ASSET_INGESTION,Importer et approuver un visuel produit local
193,SKIN1004,Hyalu-Cica Water-Fit Sun Serum UV,https://www.skin1004.com/collections/all,NEEDS_ASSET_INGESTION,Importer et approuver un visuel produit local
171,SKIN1004,Hyalu-Teca Plumping Ampoule,https://www.skin1004.com/collections/ampoule-serum,NEEDS_ASSET_INGESTION,Importer et approuver un visuel produit local
174,SKIN1004,Matrixyl 10 Boosting Shot Ampoule,https://www.skin1004.com/collections/ampoule-serum,NEEDS_ASSET_INGESTION,Importer et approuver un visuel produit local
175,SKIN1004,Niacinamide 10 Boosting Shot Ampoule,https://www.skin1004.com/collections/ampoule-serum,NEEDS_ASSET_INGESTION,Importer et approuver un visuel produit local
179,SKIN1004,Poremizing Clear Toner,https://www.skin1004.com/collections/toner-mist,NEEDS_ASSET_INGESTION,Importer et approuver un visuel produit local
162,SKIN1004,Poremizing Deep Cleansing Foam,https://www.skin1004.com/collections/cleanser,NEEDS_ASSET_INGESTION,Importer et approuver un visuel produit local
167,SKIN1004,Poremizing Fresh Ampoule,https://www.skin1004.com/collections/ampoule-serum,NEEDS_ASSET_INGESTION,Importer et approuver un visuel produit local
184,SKIN1004,Poremizing Light Gel Cream,https://www.skin1004.com/collections/cream,NEEDS_ASSET_INGESTION,Importer et approuver un visuel produit local
191,SKIN1004,Poremizing Quick Clay Stick Mask,https://www.skin1004.com/collections/cleanser,NEEDS_ASSET_INGESTION,Importer et approuver un visuel produit local
192,SKIN1004,Probio-Cica Bakuchiol Eye Cream,https://www.skin1004.com/collections/all-products,NEEDS_ASSET_INGESTION,Importer et approuver un visuel produit local
189,SKIN1004,Probio-Cica Enrich Cream,https://www.skin1004.com/collections/all-products,NEEDS_ASSET_INGESTION,Importer et approuver un visuel produit local
178,SKIN1004,Probio-Cica Essence Toner,https://www.skin1004.com/collections/toner-mist,NEEDS_ASSET_INGESTION,Importer et approuver un visuel produit local
172,SKIN1004,Probio-Cica Intensive Ampoule,https://www.skin1004.com/collections/ampoule-serum,NEEDS_ASSET_INGESTION,Importer et approuver un visuel produit local
173,SKIN1004,Retinol 0.2 Boosting Shot Ampoule,https://www.skin1004.com/collections/ampoule-serum,NEEDS_ASSET_INGESTION,Importer et approuver un visuel produit local
164,SKIN1004,Tea-Trica BHA Foam,https://www.skin1004.com/collections/cleanser,NEEDS_ASSET_INGESTION,Importer et approuver un visuel produit local
170,SKIN1004,Tea-Trica Relief Ampoule,https://www.skin1004.com/collections/ampoule-serum,NEEDS_ASSET_INGESTION,Importer et approuver un visuel produit local
183,SKIN1004,Tone Brightening Boosting Toner,https://www.skin1004.com/collections/all/toner-mist,NEEDS_ASSET_INGESTION,Importer et approuver un visuel produit local
169,SKIN1004,Tone Brightening Capsule Ampoule,https://www.skin1004.com/collections/ampoule-serum,NEEDS_ASSET_INGESTION,Importer et approuver un visuel produit local
163,SKIN1004,Tone Brightening Cleansing Gel Foam,https://www.skin1004.com/collections/cleanser,NEEDS_ASSET_INGESTION,Importer et approuver un visuel produit local
308,Arencia,Black Tea Rice Mochi Cleanser,https://arencia.us/collections/face-cleansers,NEEDS_ASSET_INGESTION,Importer et approuver un visuel produit local
306,Arencia,Calendula Rice Mochi Cleanser,https://arencia.us/collections/face-cleansers,NEEDS_ASSET_INGESTION,Importer et approuver un visuel produit local
317,Arencia,Deep Water Surge Overnight Serum 30,https://arencia.us/collections/deep-water-surge-skin-care,NEEDS_ASSET_INGESTION,Importer et approuver un visuel produit local
318,Arencia,Deep Water Surge Serum,https://arencia.us/collections/deep-water-surge-skin-care,NEEDS_ASSET_INGESTION,Importer et approuver un visuel produit local
319,Arencia,Deep Water Surge Soothing Cream,https://arencia.us/collections/deep-water-surge-skin-care,NEEDS_ASSET_INGESTION,Importer et approuver un visuel produit local
307,Arencia,Fresh Blue Hyssop Rice Mochi Cleanser,https://arencia.us/collections/face-cleansers,NEEDS_ASSET_INGESTION,Importer et approuver un visuel produit local
304,Arencia,Fresh Rosehip Rice Mochi Cleanser,https://arencia.us/collections/face-cleansers,NEEDS_ASSET_INGESTION,Importer et approuver un visuel produit local
305,Arencia,Green Tea + LHA Deep Pore Rice Cake Cleanser,https://arencia.us/collections/face-cleansers,NEEDS_ASSET_INGESTION,Importer et approuver un visuel produit local
315,Arencia,Holy Hyssop Glow Serum 12,https://arencia.us/collections/holy-hyssop-skincare,NEEDS_ASSET_INGESTION,Importer et approuver un visuel produit local
314,Arencia,Holy Hyssop Serum 30,https://arencia.us/collections/holy-hyssop-skincare,NEEDS_ASSET_INGESTION,Importer et approuver un visuel produit local
316,Arencia,Hyssop Multi + Eye Balm,https://arencia.us/collections/holy-hyssop-skincare,NEEDS_ASSET_INGESTION,Importer et approuver un visuel produit local
310,Arencia,NAD+ Time-Rewind Booster Shot,https://arencia.us/collections/serum,NEEDS_ASSET_INGESTION,Importer et approuver un visuel produit local
312,Arencia,Overnight Red Collagen + Peptide Smoothie Serum,https://arencia.us/collections/red-smoothie-skin-care,NEEDS_ASSET_INGESTION,Importer et approuver un visuel produit local
320,Arencia,PDRN Hyaluronic Acid Deep Hydration Toner Pads,https://arencia.us/collections/deep-water-surge-skin-care,NEEDS_ASSET_INGESTION,Importer et approuver un visuel produit local
309,Arencia,Pore Melt Mochi Makeup-Removing Cleansing Oil,https://arencia.us/collections/face-cleansers,NEEDS_ASSET_INGESTION,Importer et approuver un visuel produit local
313,Arencia,Red Collagen + Peptide Smoothie Serum,https://arencia.us/collections/red-smoothie-skin-care,NEEDS_ASSET_INGESTION,Importer et approuver un visuel produit local
321,Arencia,Red Collagen Jello Overnight Mask,https://arencia.us/collections/red-smoothie-skin-care,NEEDS_ASSET_INGESTION,Importer et approuver un visuel produit local
311,Arencia,TXA Booster Shot,https://arencia.us/collections/serum,NEEDS_ASSET_INGESTION,Importer et approuver un visuel produit local
322,Arencia,Vitamin C Glutathione Booster Shot Essence,https://arencia.us/collections/serum,NEEDS_ASSET_INGESTION,Importer et approuver un visuel produit local
323,Arencia,Vitamin C Glutathione Skin Booster Mist,https://arencia.us/collections/serum,NEEDS_ASSET_INGESTION,Importer et approuver un visuel produit local
248,Dr. Althea,0.1 Gentle Retinol Serum,https://doctoraltheaglobal.com/collections/serum,NEEDS_ASSET_INGESTION,Importer et approuver un visuel produit local
249,Dr. Althea,15% Niacinamide Purity Serum,https://doctoraltheaglobal.com/collections/serum,NEEDS_ASSET_INGESTION,Importer et approuver un visuel produit local
243,Dr. Althea,345 Relief Cream Mist,https://doctoraltheaglobal.com/collections/all-products,NEEDS_ASSET_INGESTION,Importer et approuver un visuel produit local
246,Dr. Althea,345 Relief Serum,https://doctoraltheaglobal.com/products/345-relief-serum,NEEDS_ASSET_INGESTION,Importer et approuver un visuel produit local
250,Dr. Althea,ABC Glow Whipped Serum,https://doctoraltheaglobal.com/collections/serum,NEEDS_ASSET_INGESTION,Importer et approuver un visuel produit local
247,Dr. Althea,Aqua Marine Deep Serum,https://doctoraltheaglobal.com/collections/serum,NEEDS_ASSET_INGESTION,Importer et approuver un visuel produit local
245,Dr. Althea,Aqua Marine Jelly Mist,https://doctoraltheaglobal.com/collections/all-products,NEEDS_ASSET_INGESTION,Importer et approuver un visuel produit local
258,Dr. Althea,Green Tea Calming Sunscreen,https://doctoraltheaglobal.com/collections/all-products,NEEDS_ASSET_INGESTION,Importer et approuver un visuel produit local
255,Dr. Althea,Melaclear Cream,https://doctoraltheaglobal.com/collections/all-products,NEEDS_ASSET_INGESTION,Importer et approuver un visuel produit local
254,Dr. Althea,PDRN Reju 10000 Cream,https://doctoraltheaglobal.com/collections/all-products,NEEDS_ASSET_INGESTION,Importer et approuver un visuel produit local
252,Dr. Althea,PDRN Reju 2000 Cream,https://doctoraltheaglobal.com/collections/all-products,NEEDS_ASSET_INGESTION,Importer et approuver un visuel produit local
253,Dr. Althea,PDRN Reju 5000 Cream,https://doctoraltheaglobal.com/collections/all-products,NEEDS_ASSET_INGESTION,Importer et approuver un visuel produit local
251,Dr. Althea,Pore Refresh Grinding Cleansing Balm,https://doctoraltheaglobal.com/collections/all-products,NEEDS_ASSET_INGESTION,Importer et approuver un visuel produit local
256,Dr. Althea,Pure Retinol 0.15% Cream,https://doctoraltheaglobal.com/collections/all-products,NEEDS_ASSET_INGESTION,Importer et approuver un visuel produit local
257,Dr. Althea,Rapid Firm Sculpting Cream,https://doctoraltheaglobal.com/collections/all-products,NEEDS_ASSET_INGESTION,Importer et approuver un visuel produit local
244,Dr. Althea,Rapid Hypochlorous Acid Rescue Mist,https://doctoraltheaglobal.com/collections/all-products,NEEDS_ASSET_INGESTION,Importer et approuver un visuel produit local
259,Dr. Althea,Rapid Mild Acid Rescue Pore Pad,https://doctoraltheaglobal.com/collections/all-products,NEEDS_ASSET_INGESTION,Importer et approuver un visuel produit local
261,Dr. Althea,Retinol Flat Iron Eye Roller,https://doctoraltheaglobal.com/collections/all-products,NEEDS_ASSET_INGESTION,Importer et approuver un visuel produit local
260,Dr. Althea,StretchFit Calming Pad (50pcs),https://doctoraltheaglobal.com/collections/all-products,NEEDS_ASSET_INGESTION,Importer et approuver un visuel produit local
227,Medicube,Collagen Niacinamide Jelly Cream,https://medicube.us/collections/all,NEEDS_ASSET_INGESTION,Importer et approuver un visuel produit local
242,Medicube,Deep Reviving Bakuchiol Retinol Serum,https://medicube.us/collections/all,NEEDS_ASSET_INGESTION,Importer et approuver un visuel produit local
240,Medicube,Deep Vita C Capsule Cream,https://medicube.us/collections/all,NEEDS_ASSET_INGESTION,Importer et approuver un visuel produit local
241,Medicube,Deep Vita C Pads,https://medicube.us/collections/all,NEEDS_ASSET_INGESTION,Importer et approuver un visuel produit local
232,Medicube,Hyaluronic Acid Capsule Cream,https://medicube.us/collections/all,NEEDS_ASSET_INGESTION,Importer et approuver un visuel produit local
217,Medicube,Hypochlorous Acid Power Soothing Spray,https://medicube.us/collections/all,NEEDS_ASSET_INGESTION,Importer et approuver un visuel produit local
233,Medicube,Kojic Acid Turmeric Overnight Wrapping Mask,https://medicube.us/collections/all,NEEDS_ASSET_INGESTION,Importer et approuver un visuel produit local
223,Medicube,Kojic Acid Turmeric Vitamin Gold Jelly Mist Serum,https://medicube.us/collections/all,NEEDS_ASSET_INGESTION,Importer et approuver un visuel produit local
216,Medicube,No Cast Just Glow Collagen Sunscreen,https://medicube.us/collections/all,NEEDS_ASSET_INGESTION,Importer et approuver un visuel produit local
218,Medicube,PDRN Pink Collagen Exosome Shot,https://medicube.us/collections/all,NEEDS_ASSET_INGESTION,Importer et approuver un visuel produit local
222,Medicube,PDRN Pink Collagen Glow Jelly Mist Serum,https://medicube.us/collections/all,NEEDS_ASSET_INGESTION,Importer et approuver un visuel produit local
229,Medicube,PDRN Pink Gel Cleanser,https://medicube.us/collections/all,NEEDS_ASSET_INGESTION,Importer et approuver un visuel produit local
220,Medicube,PDRN Pink One Day Serum,https://medicube.us/collections/all,NEEDS_ASSET_INGESTION,Importer et approuver un visuel produit local
221,Medicube,PDRN Pink Peptide Cream,https://medicube.us/products/pdrn-pink-peptide-cream,NEEDS_ASSET_INGESTION,Importer et approuver un visuel produit local
230,Medicube,PDRN Pink Peptide Eye Cream,https://medicube.us/collections/all,NEEDS_ASSET_INGESTION,Importer et approuver un visuel produit local
219,Medicube,PDRN Pink Peptide Toner,https://medicube.us/collections/all,NEEDS_ASSET_INGESTION,Importer et approuver un visuel produit local
231,Medicube,PDRN Pink Vita Coating Sheet Mask,https://medicube.us/products/pdrn-pink-vita-coating-sheet-mask,NEEDS_ASSET_INGESTION,Importer et approuver un visuel produit local
228,Medicube,Salmon PDRN Pink Collagen Jelly Gel Mask,https://medicube.us/collections/all,NEEDS_ASSET_INGESTION,Importer et approuver un visuel produit local
234,Medicube,TXA Niacinamide Capsule Cream,https://medicube.us/collections/all,NEEDS_ASSET_INGESTION,Importer et approuver un visuel produit local
226,Medicube,Zero Exosome Shot,https://medicube.us/collections/all,NEEDS_ASSET_INGESTION,Importer et approuver un visuel produit local
239,Medicube,Zero Foam Cleanser,https://medicube.us/collections/all,NEEDS_ASSET_INGESTION,Importer et approuver un visuel produit local
225,Medicube,Zero Pore Blackhead Deep Cleansing Oil,https://medicube.us/collections/all,NEEDS_ASSET_INGESTION,Importer et approuver un visuel produit local
235,Medicube,Zero Pore Capsule Cleansing Foam,https://medicube.us/collections/all,NEEDS_ASSET_INGESTION,Importer et approuver un visuel produit local
236,Medicube,Zero Pore Cooling Mask,https://medicube.us/collections/all,NEEDS_ASSET_INGESTION,Importer et approuver un visuel produit local
238,Medicube,Zero Pore One-day Cream,https://medicube.us/collections/all,NEEDS_ASSET_INGESTION,Importer et approuver un visuel produit local
237,Medicube,Zero Pore One-day Peptide Serum,https://medicube.us/collections/all,NEEDS_ASSET_INGESTION,Importer et approuver un visuel produit local
224,Medicube,Zero Pore Pads,https://medicube.us/collections/all,NEEDS_ASSET_INGESTION,Importer et approuver un visuel produit local
123,Anua,3 Ceramide Panthenol Moisture Barrier Cream,https://anua.com/collections/6-4-moisturizer,NEEDS_ASSET_INGESTION,Importer et approuver un visuel produit local
97,Anua,8 Hyaluronic Acid Hydrating Gentle Foaming Cleanser,https://anua.com/collections/6-1-cleanser,NEEDS_ASSET_INGESTION,Importer et approuver un visuel produit local
100,Anua,8 Hyaluronic Acid Moisturizing Gentle Gel Cleanser,https://anua.com/collections/6-1-cleanser,NEEDS_ASSET_INGESTION,Importer et approuver un visuel produit local
111,Anua,Azelaic 10 Hyaluron Redness Soothing Pad,https://anua.com/collections/6-2-toner,NEEDS_ASSET_INGESTION,Importer et approuver un visuel produit local
105,Anua,Azelaic 3 Cica Skin Clarifying Toner,https://anua.com/collections/6-2-toner,NEEDS_ASSET_INGESTION,Importer et approuver un visuel produit local
108,Anua,BHA 2% Gentle Exfoliating Toner,https://anua.com/collections/6-2-toner,NEEDS_ASSET_INGESTION,Importer et approuver un visuel produit local
121,Anua,Heartleaf 70 Daily Lotion,https://anua.com/collections/6-4-moisturizer,NEEDS_ASSET_INGESTION,Importer et approuver un visuel produit local
122,Anua,Heartleaf 70% Intense Calming Cream,https://anua.com/collections/6-4-moisturizer,NEEDS_ASSET_INGESTION,Importer et approuver un visuel produit local
113,Anua,Heartleaf 77 Clear Pad,https://anua.com/collections/6-2-toner,NEEDS_ASSET_INGESTION,Importer et approuver un visuel produit local
103,Anua,Heartleaf 77 Soothing Toner,https://anua.com/collections/6-2-toner,NEEDS_ASSET_INGESTION,Importer et approuver un visuel produit local
119,Anua,Heartleaf 80% Moisture Soothing Ampoule,https://anua.com/collections/6-3-serum,NEEDS_ASSET_INGESTION,Importer et approuver un visuel produit local
102,Anua,Heartleaf LHA Moisture Peeling Gel,https://anua.com/collections/6-1-cleanser,NEEDS_ASSET_INGESTION,Importer et approuver un visuel produit local
101,Anua,Heartleaf Low pH Deep Cleansing Water,https://anua.com/collections/6-1-cleanser,NEEDS_ASSET_INGESTION,Importer et approuver un visuel produit local
124,Anua,Invisible Glow Finish Sunstick,https://anua.com/collections/6-6-sunscreen,NEEDS_ASSET_INGESTION,Importer et approuver un visuel produit local
125,Anua,Invisible Matte Finish Sunscreen,https://anua.com/collections/6-6-sunscreen,NEEDS_ASSET_INGESTION,Importer et approuver un visuel produit local
126,Anua,Mineral Weightless Finish Sunscreen,https://anua.com/collections/6-6-sunscreen,NEEDS_ASSET_INGESTION,Importer et approuver un visuel produit local
117,Anua,Nano Retinol 0.3% + Niacin Renewing Serum,https://anua.com/collections/6-3-serum,NEEDS_ASSET_INGESTION,Importer et approuver un visuel produit local
115,Anua,Niacinamide 10 TXA 4 Serum for Brightening and Dark Spots,https://anua.com/collections/6-3-serum,NEEDS_ASSET_INGESTION,Importer et approuver un visuel produit local
110,Anua,Niacinamide 5 TXA Brightening Pad,https://anua.com/collections/6-2-toner,NEEDS_ASSET_INGESTION,Importer et approuver un visuel produit local
104,Anua,Niacinamide Tranexamic Acid Brightening Booster Toner,https://anua.com/collections/6-2-toner,NEEDS_ASSET_INGESTION,Importer et approuver un visuel produit local
106,Anua,PDRN 100 Hyaluronic Acid Booster Toner,https://anua.com/collections/6-2-toner,NEEDS_ASSET_INGESTION,Importer et approuver un visuel produit local
112,Anua,PDRN 100 Hyaluronic Acid Glow Pad,https://anua.com/collections/6-2-toner,NEEDS_ASSET_INGESTION,Importer et approuver un visuel produit local
114,Anua,PDRN Collagen Glow Facial Serum Spray,https://anua.com/collections/6-3-serum,NEEDS_ASSET_INGESTION,Importer et approuver un visuel produit local
120,Anua,PDRN Hyaluronic Acid 100 Moisturizing Cream,https://anua.com/collections/6-4-moisturizer,NEEDS_ASSET_INGESTION,Importer et approuver un visuel produit local
116,Anua,PDRN Hyaluronic Acid Capsule 100 Serum,https://anua.com/collections/6-3-serum,NEEDS_ASSET_INGESTION,Importer et approuver un visuel produit local
98,Anua,PDRN Hyaluronic Acid Moisturizing Cleansing Foam,https://anua.com/collections/6-1-cleanser,NEEDS_ASSET_INGESTION,Importer et approuver un visuel produit local
109,Anua,Peach 77 Niacin Essence Toner,https://anua.com/collections/6-2-toner,NEEDS_ASSET_INGESTION,Importer et approuver un visuel produit local
107,Anua,Rice 70 Glow Milky Toner,https://anua.com/collections/6-2-toner,NEEDS_ASSET_INGESTION,Importer et approuver un visuel produit local
118,Anua,Rice Ceramide 7 Hydrating Barrier Serum,https://anua.com/collections/6-3-serum,NEEDS_ASSET_INGESTION,Importer et approuver un visuel produit local
99,Anua,Rice Enzyme Brightening Cleansing Powder,https://anua.com/collections/6-1-cleanser,NEEDS_ASSET_INGESTION,Importer et approuver un visuel produit local
197,Beauty of Joseon,Apricot Blossom Peeling Gel,https://beautyofjoseon.com/collections/cleanser,NEEDS_ASSET_INGESTION,Importer et approuver un visuel produit local
209,Beauty of Joseon,Calming Barrier Mask,https://beautyofjoseon.com/collections/mask,NEEDS_ASSET_INGESTION,Importer et approuver un visuel produit local
201,Beauty of Joseon,Calming Barrier Serum : Green Tea-HA + Panthenol,https://beautyofjoseon.com/collections/serum,NEEDS_ASSET_INGESTION,Importer et approuver un visuel produit local
215,Beauty of Joseon,Day Dew Sunscreen SPF 50,https://beautyofjoseon.com/collections/sunscreens,NEEDS_ASSET_INGESTION,Importer et approuver un visuel produit local
214,Beauty of Joseon,Dayscreen Moisturizer SPF 30,https://beautyofjoseon.com/collections/sunscreens,NEEDS_ASSET_INGESTION,Importer et approuver un visuel produit local
195,Beauty of Joseon,Ginseng Cleansing Oil,https://beautyofjoseon.com/collections/cleanser/products/ginseng-cleansing-oil,NEEDS_ASSET_INGESTION,Importer et approuver un visuel produit local
198,Beauty of Joseon,Ginseng Essence Water,https://beautyofjoseon.com/collections/toner-essence,NEEDS_ASSET_INGESTION,Importer et approuver un visuel produit local
204,Beauty of Joseon,Glow Deep Serum : Rice + Alpha-Arbutin,https://beautyofjoseon.com/collections/serum,NEEDS_ASSET_INGESTION,Importer et approuver un visuel produit local
203,Beauty of Joseon,Glow Serum : Propolis + Niacinamide,https://beautyofjoseon.com/collections/serum,NEEDS_ASSET_INGESTION,Importer et approuver un visuel produit local
194,Beauty of Joseon,Green Plum Refreshing Cleanser,https://beautyofjoseon.com/collections/cleanser,NEEDS_ASSET_INGESTION,Importer et approuver un visuel produit local
199,Beauty of Joseon,Green Plum Refreshing Toner : AHA + BHA,https://beautyofjoseon.com/collections/toner-essence,NEEDS_ASSET_INGESTION,Importer et approuver un visuel produit local
211,Beauty of Joseon,Ground Rice and Honey Glow Mask,https://beautyofjoseon.com/collections/mask,NEEDS_ASSET_INGESTION,Importer et approuver un visuel produit local
206,Beauty of Joseon,Light On Serum : Centella + Vita C,https://beautyofjoseon.com/collections/serum,NEEDS_ASSET_INGESTION,Importer et approuver un visuel produit local
200,Beauty of Joseon,Pore Firming Serum : Red Bean PDRN + Peptide,https://beautyofjoseon.com/collections/serum,NEEDS_ASSET_INGESTION,Importer et approuver un visuel produit local
196,Beauty of Joseon,Radiance Cleansing Balm,https://beautyofjoseon.com/collections/cleanser,NEEDS_ASSET_INGESTION,Importer et approuver un visuel produit local
212,Beauty of Joseon,Red Bean Refreshing Pore Mask,https://beautyofjoseon.com/collections/mask,NEEDS_ASSET_INGESTION,Importer et approuver un visuel produit local
208,Beauty of Joseon,Red Bean Water Gel,https://beautyofjoseon.com/collections/moisturizer,NEEDS_ASSET_INGESTION,Importer et approuver un visuel produit local
202,Beauty of Joseon,Revive Eye Serum : Ginseng + Retinal,https://beautyofjoseon.com/collections/serum,NEEDS_ASSET_INGESTION,Importer et approuver un visuel produit local
207,Beauty of Joseon,Revive Firming Moisturizer : Ginseng + Retinol,https://beautyofjoseon.com/collections/moisturizer,NEEDS_ASSET_INGESTION,Importer et approuver un visuel produit local
205,Beauty of Joseon,Revive Serum : Ginseng + Snail Mucin,https://beautyofjoseon.com/collections/serum,NEEDS_ASSET_INGESTION,Importer et approuver un visuel produit local
210,Beauty of Joseon,Revive Under Eye Patch: Ginseng + Retinal,https://beautyofjoseon.com/collections/mask,NEEDS_ASSET_INGESTION,Importer et approuver un visuel produit local
213,Beauty of Joseon,Tinted Mineral Dayscreen SPF 30,https://beautyofjoseon.com/collections/sunscreens,NEEDS_ASSET_INGESTION,Importer et approuver un visuel produit local
139,COSRX,5 PDRN B5 Vital Soothing Toner,https://www.cosrx.com/collections/best,NEEDS_ASSET_INGESTION,Importer et approuver un visuel produit local
158,COSRX,5 PDRN Collagen Intense Vitalizing Serum,https://www.cosrx.com/collections/best,NEEDS_ASSET_INGESTION,Importer et approuver un visuel produit local
141,COSRX,5 PDRN Hyaluronic Acid Vital Hydrating Hydrogel Mask,https://www.cosrx.com/collections/best,NEEDS_ASSET_INGESTION,Importer et approuver un visuel produit local
142,COSRX,AC Collection Calming Foam Cleanser,https://www.cosrx.com/collections/best,NEEDS_ASSET_INGESTION,Importer et approuver un visuel produit local
150,COSRX,AHA/BHA Clarifying Treatment Toner,https://www.cosrx.com/collections/all,NEEDS_ASSET_INGESTION,Importer et approuver un visuel produit local
148,COSRX,Acne Pimple Master Patch,https://www.cosrx.com/collections/all/best,NEEDS_ASSET_INGESTION,Importer et approuver un visuel produit local
132,COSRX,Advanced Snail 92 All in One Cream,https://www.cosrx.com/collections/best,NEEDS_ASSET_INGESTION,Importer et approuver un visuel produit local
131,COSRX,Advanced Snail 96 Mucin Power Essence,https://www.cosrx.com/collections/best,NEEDS_ASSET_INGESTION,Importer et approuver un visuel produit local
135,COSRX,Advanced Snail Mucin Gel Cleanser,https://www.cosrx.com/collections/best,NEEDS_ASSET_INGESTION,Importer et approuver un visuel produit local
144,COSRX,Advanced Snail Mucin Glass Glow Hydrogel Mask,https://www.cosrx.com/collections/all/best,NEEDS_ASSET_INGESTION,Importer et approuver un visuel produit local
149,COSRX,Advanced Snail Mucin Power Sheet Mask 10 Sheets,https://www.cosrx.com/collections/all/best,NEEDS_ASSET_INGESTION,Importer et approuver un visuel produit local
133,COSRX,Advanced Snail Peptide Eye Cream,https://www.cosrx.com/collections/best,NEEDS_ASSET_INGESTION,Importer et approuver un visuel produit local
145,COSRX,Advanced Snail Radiance Dual Essence,https://www.cosrx.com/collections/all/best,NEEDS_ASSET_INGESTION,Importer et approuver un visuel produit local
159,COSRX,Azelaic Acid 10 B5 Redness Soothing Cream,https://www.cosrx.com/collections/all,NEEDS_ASSET_INGESTION,Importer et approuver un visuel produit local
137,COSRX,BHA Blackhead Power Liquid,https://www.cosrx.com/collections/best,NEEDS_ASSET_INGESTION,Importer et approuver un visuel produit local
146,COSRX,Full Fit Propolis Light Ampoule,https://www.cosrx.com/collections/all/best,NEEDS_ASSET_INGESTION,Importer et approuver un visuel produit local
143,COSRX,Full Fit Propolis Light Cream,https://www.cosrx.com/collections/all/best,NEEDS_ASSET_INGESTION,Importer et approuver un visuel produit local
147,COSRX,Full Fit Propolis Nourishing Magnet Sheet Mask,https://www.cosrx.com/collections/all/best,NEEDS_ASSET_INGESTION,Importer et approuver un visuel produit local
140,COSRX,Full Fit Propolis Synergy Toner,https://www.cosrx.com/collections/best,NEEDS_ASSET_INGESTION,Importer et approuver un visuel produit local
134,COSRX,Hyaluronic Acid Intensive Cream,https://www.cosrx.com/collections/best,NEEDS_ASSET_INGESTION,Importer et approuver un visuel produit local
138,COSRX,Low pH Good Morning Gel Cleanser,https://www.cosrx.com/collections/best,NEEDS_ASSET_INGESTION,Importer et approuver un visuel produit local
127,COSRX,The 6 Peptide Skin Booster Serum,https://www.cosrx.com/collections/best,NEEDS_ASSET_INGESTION,Importer et approuver un visuel produit local
157,COSRX,The Blue Peptide Bakuchiol Plump Bounce Cream,https://www.cosrx.com/collections/best,NEEDS_ASSET_INGESTION,Importer et approuver un visuel produit local
156,COSRX,The Blue Peptide Bakuchiol Plump Glow Serum,https://www.cosrx.com/collections/best,NEEDS_ASSET_INGESTION,Importer et approuver un visuel produit local
128,COSRX,The Ceramide Skin Barrier Moisturizer,https://www.cosrx.com/collections/best,NEEDS_ASSET_INGESTION,Importer et approuver un visuel produit local
155,COSRX,The Niacinamide 15 Serum,https://www.cosrx.com/collections/all,NEEDS_ASSET_INGESTION,Importer et approuver un visuel produit local
129,COSRX,The Peptide Collagen Hydrogel Eye Patch,https://www.cosrx.com/collections/best,NEEDS_ASSET_INGESTION,Importer et approuver un visuel produit local
136,COSRX,The Peptide Collagen Lifting Glow Hydrogel Mask,https://www.cosrx.com/collections/best,NEEDS_ASSET_INGESTION,Importer et approuver un visuel produit local
153,COSRX,The Retinol 0.1 Cream,https://www.cosrx.com/collections/all,NEEDS_ASSET_INGESTION,Importer et approuver un visuel produit local
154,COSRX,The Retinol 0.5 Oil,https://www.cosrx.com/collections/all,NEEDS_ASSET_INGESTION,Importer et approuver un visuel produit local
152,COSRX,The Vitamin C 13 Serum,https://www.cosrx.com/collections/all,NEEDS_ASSET_INGESTION,Importer et approuver un visuel produit local
151,COSRX,Ultimate Nourishing Rice Overnight Spa Mask,https://www.cosrx.com/collections/all,NEEDS_ASSET_INGESTION,Importer et approuver un visuel produit local
130,COSRX,Vitamin E Vitalizing Sunscreen SPF 50+,https://www.cosrx.com/collections/best,NEEDS_ASSET_INGESTION,Importer et approuver un visuel produit local
272,AXIS-Y,Biome Comforting Infused Toner,https://www.axis-y.com/collections/allproducts,NEEDS_ASSET_INGESTION,Importer et approuver un visuel produit local
273,AXIS-Y,Biome Radiating Intensified Essence,https://www.axis-y.com/collections/allproducts,NEEDS_ASSET_INGESTION,Importer et approuver un visuel produit local
271,AXIS-Y,Biome Resetting Moringa Cleansing Oil,https://www.axis-y.com/collections/allproducts,NEEDS_ASSET_INGESTION,Importer et approuver un visuel produit local
270,AXIS-Y,Biome Ultimate Indulging Cream,https://www.axis-y.com/collections/allproducts,NEEDS_ASSET_INGESTION,Importer et approuver un visuel produit local
268,AXIS-Y,CALAMINE Pore Control Capsule Serum,https://www.axis-y.com/collections/allproducts,NEEDS_ASSET_INGESTION,Importer et approuver un visuel produit local
277,AXIS-Y,Cera-Heart My Type Duo Cream,https://www.axis-y.com/collections/allproducts,NEEDS_ASSET_INGESTION,Importer et approuver un visuel produit local
275,AXIS-Y,Daily Purifying Treatment Toner,https://www.axis-y.com/collections/allproducts,NEEDS_ASSET_INGESTION,Importer et approuver un visuel produit local
279,AXIS-Y,Heartleaf Skin Soothing Gel Mask,https://www.axis-y.com/collections/allproducts,NEEDS_ASSET_INGESTION,Importer et approuver un visuel produit local
262,AXIS-Y,Kojic Yuzu Cleansing Water,https://www.axis-y.com/collections/allproducts,NEEDS_ASSET_INGESTION,Importer et approuver un visuel produit local
263,AXIS-Y,Kojic Yuzu Pack Cleanser,https://www.axis-y.com/collections/allproducts,NEEDS_ASSET_INGESTION,Importer et approuver un visuel produit local
269,AXIS-Y,LHA Peel & Fill Pore Balancing Cream,https://www.axis-y.com/collections/allproducts,NEEDS_ASSET_INGESTION,Importer et approuver un visuel produit local
278,AXIS-Y,Mugwort Pore Clarifying Wash Off Pack,https://www.axis-y.com/collections/allproducts,NEEDS_ASSET_INGESTION,Importer et approuver un visuel produit local
267,AXIS-Y,Panthenol 10 Skin Smoothing Shield Cream,https://www.axis-y.com/collections/allproducts,NEEDS_ASSET_INGESTION,Importer et approuver un visuel produit local
274,AXIS-Y,Quinoa One Step Balanced Gel Cleanser,https://www.axis-y.com/collections/allproducts,NEEDS_ASSET_INGESTION,Importer et approuver un visuel produit local
276,AXIS-Y,Sunday Morning Refreshing Cleansing Foam,https://www.axis-y.com/collections/allproducts,NEEDS_ASSET_INGESTION,Importer et approuver un visuel produit local
266,AXIS-Y,TXA 2.5% Intensive Brightening Cream,https://www.axis-y.com/collections/allproducts,NEEDS_ASSET_INGESTION,Importer et approuver un visuel produit local
280,AXIS-Y,TXA 3% Intensive Radiance Boosting Serum,https://www.axis-y.com/collections/allproducts,NEEDS_ASSET_INGESTION,Importer et approuver un visuel produit local
265,AXIS-Y,Triple PDRN Barrier Boost Serum,https://www.axis-y.com/collections/allproducts,NEEDS_ASSET_INGESTION,Importer et approuver un visuel produit local
264,AXIS-Y,Triple PDRN Gel Toner,https://www.axis-y.com/collections/allproducts,NEEDS_ASSET_INGESTION,Importer et approuver un visuel produit local
281,SOME BY MI,AHA-BHA-PHA 30 Days Miracle Acne Clear Foam,https://en.somebymi.com/category/shop/380/,NEEDS_ASSET_INGESTION,Importer et approuver un visuel produit local
282,SOME BY MI,AHA-BHA-PHA 30 Days Miracle Truecica Clear Pad,https://en.somebymi.com/category/shop/380/,NEEDS_ASSET_INGESTION,Importer et approuver un visuel produit local
283,SOME BY MI,AHA.BHA.PHA Miracle Daily Mask,https://en.somebymi.com/category/shop/380/,NEEDS_ASSET_INGESTION,Importer et approuver un visuel produit local
296,SOME BY MI,Beta Panthenol Repair Gel Cleanser,https://en.somebymi.com/category/beta-panthenol/393/,NEEDS_ASSET_INGESTION,Importer et approuver un visuel produit local
303,SOME BY MI,Galactomyces Glutathione Brightening Cream,https://en.somebymi.com/category/shop/380/,NEEDS_ASSET_INGESTION,Importer et approuver un visuel produit local
293,SOME BY MI,Retinol Bakuchiol Bubble Toner,https://en.somebymi.com/category/retinol/392/,NEEDS_ASSET_INGESTION,Importer et approuver un visuel produit local
294,SOME BY MI,Retinol Bakuchiol Dual Cream,https://en.somebymi.com/category/retinol/392/,NEEDS_ASSET_INGESTION,Importer et approuver un visuel produit local
292,SOME BY MI,Retinol Intense Advanced Triple Action Eye Cream,https://en.somebymi.com/category/retinol/392/,NEEDS_ASSET_INGESTION,Importer et approuver un visuel produit local
295,SOME BY MI,Retinol Intense Daily Mask,https://en.somebymi.com/category/retinol/392/,NEEDS_ASSET_INGESTION,Importer et approuver un visuel produit local
291,SOME BY MI,Retinol Intense Reactivating Serum,https://en.somebymi.com/category/retinol/392/,NEEDS_ASSET_INGESTION,Importer et approuver un visuel produit local
286,SOME BY MI,Snail Truecica Miracle Repair Cream,https://en.somebymi.com/category/shop/380/,NEEDS_ASSET_INGESTION,Importer et approuver un visuel produit local
285,SOME BY MI,Snail Truecica Miracle Repair Serum,https://en.somebymi.com/category/shop/380/,NEEDS_ASSET_INGESTION,Importer et approuver un visuel produit local
284,SOME BY MI,Snail Truecica Miracle Repair Toner,https://en.somebymi.com/category/shop/380/,NEEDS_ASSET_INGESTION,Importer et approuver un visuel produit local
300,SOME BY MI,Super Matcha Pore Clean Clay Mask,https://en.somebymi.com/category/shop/380/,NEEDS_ASSET_INGESTION,Importer et approuver un visuel produit local
297,SOME BY MI,Super Matcha Pore Clean Cleansing Gel,https://en.somebymi.com/category/shop/380/,NEEDS_ASSET_INGESTION,Importer et approuver un visuel produit local
299,SOME BY MI,Super Matcha Pore Tightening Serum,https://en.somebymi.com/category/shop/380/,NEEDS_ASSET_INGESTION,Importer et approuver un visuel produit local
298,SOME BY MI,Super Matcha Pore Tightening Toner,https://en.somebymi.com/category/shop/380/,NEEDS_ASSET_INGESTION,Importer et approuver un visuel produit local
301,SOME BY MI,V10 Hyal Antioxidant Sunscreen,https://en.somebymi.com/category/shop/380/,NEEDS_ASSET_INGESTION,Importer et approuver un visuel produit local
302,SOME BY MI,V10 Hyal Hydra Capsule Sunscreen,https://en.somebymi.com/category/shop/380/,NEEDS_ASSET_INGESTION,Importer et approuver un visuel produit local
289,SOME BY MI,Yuja Niacin 30 Days Miracle Brightening Toner,https://en.somebymi.com/category/shop/380/,NEEDS_ASSET_INGESTION,Importer et approuver un visuel produit local
288,SOME BY MI,Yuja Niacin Anti-Blemish Cream,https://en.somebymi.com/category/shop/380/,NEEDS_ASSET_INGESTION,Importer et approuver un visuel produit local
287,SOME BY MI,Yuja Niacin Anti-Blemish Serum,https://en.somebymi.com/category/shop/380/,NEEDS_ASSET_INGESTION,Importer et approuver un visuel produit local
290,SOME BY MI,Yuja Niacin Brightening Moisture Gel Cream,https://en.somebymi.com/category/shop/380/,NEEDS_ASSET_INGESTION,Importer et approuver un visuel produit local
