product_id,brand,official_name,size,product_type,official_reference_price,official_reference_currency,official_source_url,suggested_action
166,SKIN1004,Azelaic Acid 10 Ampoule,9ml / 30ml,Sérums & Ampoules,24.00,USD,https://www.skin1004.com/collections/ampoule-serum,Saisir le prix de vente MAD confirmé par le marchand
165,SKIN1004,Centella Ampoule,30ml / 55ml / 100ml,Sérums & Ampoules,22.00,USD,https://www.skin1004.com/collections/ampoule-serum,Saisir le prix de vente MAD confirmé par le marchand
160,SKIN1004,Centella Ampoule Foam,20ml / 125ml,Sérums & Ampoules,4.00,USD,https://www.skin1004.com/collections/cleanser,Saisir le prix de vente MAD confirmé par le marchand
188,SKIN1004,Centella Cream,30ml / 75ml,Crèmes,20.00,USD,https://www.skin1004.com/collections/all-products,Saisir le prix de vente MAD confirmé par le marchand
161,SKIN1004,Centella Light Cleansing Oil,30ml / 200ml,Huiles & Baumes,5.50,USD,https://www.skin1004.com/collections/cleanser,Résoudre le rapprochement manuel avant toute saisie de prix
187,SKIN1004,Centella Soothing Cream,30ml / 75ml,Crèmes,,,https://www.skin1004.com/collections/cream,Saisir le prix de vente MAD confirmé par le marchand
168,SKIN1004,Centella Teca Ampoule,,Sérums & Ampoules,17.00,USD,https://www.skin1004.com/collections/ampoule-serum,Saisir le prix de vente MAD confirmé par le marchand
186,SKIN1004,Centella Teca Cream,,Crèmes,20.00,USD,https://www.skin1004.com/collections/cream,Saisir le prix de vente MAD confirmé par le marchand
181,SKIN1004,Centella Teca Soothing Toner,,Toners & Essences,20.00,USD,https://www.skin1004.com/collections/all/toner-mist,Saisir le prix de vente MAD confirmé par le marchand
177,SKIN1004,Centella Toning Toner,30ml / 210ml / 400ml,Toners & Essences,5.00,USD,https://www.skin1004.com/collections/toner-mist,Saisir le prix de vente MAD confirmé par le marchand
180,SKIN1004,Hyalu-Cica Brightening Toner,30ml / 210ml,Toners & Essences,6.00,USD,https://www.skin1004.com/collections/toner-mist,Saisir le prix de vente MAD confirmé par le marchand
182,SKIN1004,Hyalu-Cica Cloudy Mist,,Toners & Essences,22.00,USD,https://www.skin1004.com/collections/all/toner-mist,Saisir le prix de vente MAD confirmé par le marchand
176,SKIN1004,Hyalu-Cica First Ampoule,,Sérums & Ampoules,,,https://www.skin1004.com/collections/ampoule-serum,Saisir le prix de vente MAD confirmé par le marchand
185,SKIN1004,Hyalu-Cica Moisture Cream,30ml / 75ml,Crèmes,21.00,USD,https://www.skin1004.com/collections/cream,Saisir le prix de vente MAD confirmé par le marchand
190,SKIN1004,Hyalu-Cica Sleeping Pack,30ml / 100ml,Masques,7.00,USD,https://www.skin1004.com/collections/all-products,Saisir le prix de vente MAD confirmé par le marchand
193,SKIN1004,Hyalu-Cica Water-Fit Sun Serum UV,50ml,Protection solaire,19.00,USD,https://www.skin1004.com/collections/all,Saisir le prix de vente MAD confirmé par le marchand
171,SKIN1004,Hyalu-Teca Plumping Ampoule,,Sérums & Ampoules,19.00,USD,https://www.skin1004.com/collections/ampoule-serum,Saisir le prix de vente MAD confirmé par le marchand
174,SKIN1004,Matrixyl 10 Boosting Shot Ampoule,,Sérums & Ampoules,28.00,USD,https://www.skin1004.com/collections/ampoule-serum,Saisir le prix de vente MAD confirmé par le marchand
175,SKIN1004,Niacinamide 10 Boosting Shot Ampoule,,Sérums & Ampoules,22.00,USD,https://www.skin1004.com/collections/ampoule-serum,Saisir le prix de vente MAD confirmé par le marchand
179,SKIN1004,Poremizing Clear Toner,,Toners & Essences,19.00,USD,https://www.skin1004.com/collections/toner-mist,Saisir le prix de vente MAD confirmé par le marchand
162,SKIN1004,Poremizing Deep Cleansing Foam,,Nettoyants,14.00,USD,https://www.skin1004.com/collections/cleanser,Saisir le prix de vente MAD confirmé par le marchand
167,SKIN1004,Poremizing Fresh Ampoule,30ml / 50ml / 100ml,Sérums & Ampoules,9.50,USD,https://www.skin1004.com/collections/ampoule-serum,Saisir le prix de vente MAD confirmé par le marchand
184,SKIN1004,Poremizing Light Gel Cream,,Crèmes,21.00,USD,https://www.skin1004.com/collections/cream,Saisir le prix de vente MAD confirmé par le marchand
191,SKIN1004,Poremizing Quick Clay Stick Mask,,Masques,22.00,USD,https://www.skin1004.com/collections/cleanser,Saisir le prix de vente MAD confirmé par le marchand
192,SKIN1004,Probio-Cica Bakuchiol Eye Cream,20ml,Contour des yeux,30.00,USD,https://www.skin1004.com/collections/all-products,Saisir le prix de vente MAD confirmé par le marchand
189,SKIN1004,Probio-Cica Enrich Cream,15ml / 50ml,Crèmes,10.00,USD,https://www.skin1004.com/collections/all-products,Saisir le prix de vente MAD confirmé par le marchand
178,SKIN1004,Probio-Cica Essence Toner,,Toners & Essences,21.00,USD,https://www.skin1004.com/collections/toner-mist,Saisir le prix de vente MAD confirmé par le marchand
172,SKIN1004,Probio-Cica Intensive Ampoule,30ml / 50ml / 95ml,Sérums & Ampoules,22.00,USD,https://www.skin1004.com/collections/ampoule-serum,Saisir le prix de vente MAD confirmé par le marchand
173,SKIN1004,Retinol 0.2 Boosting Shot Ampoule,,Sérums & Ampoules,24.00,USD,https://www.skin1004.com/collections/ampoule-serum,Saisir le prix de vente MAD confirmé par le marchand
164,SKIN1004,Tea-Trica BHA Foam,,Soins ciblés,15.00,USD,https://www.skin1004.com/collections/cleanser,Saisir le prix de vente MAD confirmé par le marchand
170,SKIN1004,Tea-Trica Relief Ampoule,30ml / 100ml,Sérums & Ampoules,9.80,USD,https://www.skin1004.com/collections/ampoule-serum,Saisir le prix de vente MAD confirmé par le marchand
183,SKIN1004,Tone Brightening Boosting Toner,,Toners & Essences,,,https://www.skin1004.com/collections/all/toner-mist,Saisir le prix de vente MAD confirmé par le marchand
169,SKIN1004,Tone Brightening Capsule Ampoule,30ml / 50ml / 100ml,Sérums & Ampoules,9.00,USD,https://www.skin1004.com/collections/ampoule-serum,Saisir le prix de vente MAD confirmé par le marchand
163,SKIN1004,Tone Brightening Cleansing Gel Foam,,Nettoyants,14.00,USD,https://www.skin1004.com/collections/cleanser,Saisir le prix de vente MAD confirmé par le marchand
308,Arencia,Black Tea Rice Mochi Cleanser,,Nettoyants,21.00,USD,https://arencia.us/collections/face-cleansers,Saisir le prix de vente MAD confirmé par le marchand
306,Arencia,Calendula Rice Mochi Cleanser,4.23oz / 120g,Nettoyants,16.00,USD,https://arencia.us/collections/face-cleansers,Saisir le prix de vente MAD confirmé par le marchand
317,Arencia,Deep Water Surge Overnight Serum 30,,Sérums & Ampoules,22.00,USD,https://arencia.us/collections/deep-water-surge-skin-care,Saisir le prix de vente MAD confirmé par le marchand
318,Arencia,Deep Water Surge Serum,1.01 fl oz,Sérums & Ampoules,24.00,USD,https://arencia.us/collections/deep-water-surge-skin-care,Saisir le prix de vente MAD confirmé par le marchand
319,Arencia,Deep Water Surge Soothing Cream,3.71 fl oz,Crèmes,32.00,USD,https://arencia.us/collections/deep-water-surge-skin-care,Saisir le prix de vente MAD confirmé par le marchand
307,Arencia,Fresh Blue Hyssop Rice Mochi Cleanser,,Nettoyants,16.00,USD,https://arencia.us/collections/face-cleansers,Saisir le prix de vente MAD confirmé par le marchand
304,Arencia,Fresh Rosehip Rice Mochi Cleanser,,Nettoyants,16.00,USD,https://arencia.us/collections/face-cleansers,Saisir le prix de vente MAD confirmé par le marchand
305,Arencia,Green Tea + LHA Deep Pore Rice Cake Cleanser,5.07 fl oz,Nettoyants,24.00,USD,https://arencia.us/collections/face-cleansers,Saisir le prix de vente MAD confirmé par le marchand
315,Arencia,Holy Hyssop Glow Serum 12,1.01 fl oz,Sérums & Ampoules,22.00,USD,https://arencia.us/collections/holy-hyssop-skincare,Saisir le prix de vente MAD confirmé par le marchand
314,Arencia,Holy Hyssop Serum 30,1.76 oz,Sérums & Ampoules,24.00,USD,https://arencia.us/collections/holy-hyssop-skincare,Saisir le prix de vente MAD confirmé par le marchand
316,Arencia,Hyssop Multi + Eye Balm,,Soins ciblés,24.00,USD,https://arencia.us/collections/holy-hyssop-skincare,Saisir le prix de vente MAD confirmé par le marchand
310,Arencia,NAD+ Time-Rewind Booster Shot,1.01 fl oz,Sérums & Ampoules,24.00,USD,https://arencia.us/collections/serum,Saisir le prix de vente MAD confirmé par le marchand
312,Arencia,Overnight Red Collagen + Peptide Smoothie Serum,,Sérums & Ampoules,24.00,USD,https://arencia.us/collections/red-smoothie-skin-care,Saisir le prix de vente MAD confirmé par le marchand
320,Arencia,PDRN Hyaluronic Acid Deep Hydration Toner Pads,90 pads / 6.76 fl oz,Toners & Essences,24.00,USD,https://arencia.us/collections/deep-water-surge-skin-care,Saisir le prix de vente MAD confirmé par le marchand
309,Arencia,Pore Melt Mochi Makeup-Removing Cleansing Oil,6.76 fl oz,Huiles & Baumes,32.00,USD,https://arencia.us/collections/face-cleansers,Saisir le prix de vente MAD confirmé par le marchand
313,Arencia,Red Collagen + Peptide Smoothie Serum,,Sérums & Ampoules,19.99,USD,https://arencia.us/collections/red-smoothie-skin-care,Saisir le prix de vente MAD confirmé par le marchand
321,Arencia,Red Collagen Jello Overnight Mask,0.88oz x 4ea,Masques,24.00,USD,https://arencia.us/collections/red-smoothie-skin-care,Saisir le prix de vente MAD confirmé par le marchand
311,Arencia,TXA Booster Shot,1.01 fl oz,Sérums & Ampoules,24.00,USD,https://arencia.us/collections/serum,Saisir le prix de vente MAD confirmé par le marchand
322,Arencia,Vitamin C Glutathione Booster Shot Essence,3.21 fl oz,Toners & Essences,24.00,USD,https://arencia.us/collections/serum,Saisir le prix de vente MAD confirmé par le marchand
323,Arencia,Vitamin C Glutathione Skin Booster Mist,3.38 fl oz,Toners & Essences,24.00,USD,https://arencia.us/collections/serum,Saisir le prix de vente MAD confirmé par le marchand
248,Dr. Althea,0.1 Gentle Retinol Serum,,Sérums & Ampoules,23.90,USD,https://doctoraltheaglobal.com/collections/serum,Saisir le prix de vente MAD confirmé par le marchand
249,Dr. Althea,15% Niacinamide Purity Serum,,Sérums & Ampoules,23.90,USD,https://doctoraltheaglobal.com/collections/serum,Saisir le prix de vente MAD confirmé par le marchand
243,Dr. Althea,345 Relief Cream Mist,,Toners & Essences,15.90,USD,https://doctoraltheaglobal.com/collections/all-products,Saisir le prix de vente MAD confirmé par le marchand
246,Dr. Althea,345 Relief Serum,,Sérums & Ampoules,22.00,USD,https://doctoraltheaglobal.com/products/345-relief-serum,Saisir le prix de vente MAD confirmé par le marchand
250,Dr. Althea,ABC Glow Whipped Serum,,Sérums & Ampoules,21.90,USD,https://doctoraltheaglobal.com/collections/serum,Saisir le prix de vente MAD confirmé par le marchand
247,Dr. Althea,Aqua Marine Deep Serum,,Sérums & Ampoules,18.60,USD,https://doctoraltheaglobal.com/collections/serum,Saisir le prix de vente MAD confirmé par le marchand
245,Dr. Althea,Aqua Marine Jelly Mist,,Toners & Essences,19.90,USD,https://doctoraltheaglobal.com/collections/all-products,Saisir le prix de vente MAD confirmé par le marchand
258,Dr. Althea,Green Tea Calming Sunscreen,,Protection solaire,19.90,USD,https://doctoraltheaglobal.com/collections/all-products,Saisir le prix de vente MAD confirmé par le marchand
255,Dr. Althea,Melaclear Cream,,Crèmes,29.00,USD,https://doctoraltheaglobal.com/collections/all-products,Saisir le prix de vente MAD confirmé par le marchand
254,Dr. Althea,PDRN Reju 10000 Cream,,Crèmes,34.90,USD,https://doctoraltheaglobal.com/collections/all-products,Saisir le prix de vente MAD confirmé par le marchand
252,Dr. Althea,PDRN Reju 2000 Cream,,Crèmes,20.90,USD,https://doctoraltheaglobal.com/collections/all-products,Saisir le prix de vente MAD confirmé par le marchand
253,Dr. Althea,PDRN Reju 5000 Cream,,Crèmes,29.00,USD,https://doctoraltheaglobal.com/collections/all-products,Saisir le prix de vente MAD confirmé par le marchand
251,Dr. Althea,Pore Refresh Grinding Cleansing Balm,,Huiles & Baumes,22.90,USD,https://doctoraltheaglobal.com/collections/all-products,Saisir le prix de vente MAD confirmé par le marchand
256,Dr. Althea,Pure Retinol 0.15% Cream,,Crèmes,23.90,USD,https://doctoraltheaglobal.com/collections/all-products,Saisir le prix de vente MAD confirmé par le marchand
257,Dr. Althea,Rapid Firm Sculpting Cream,,Crèmes,36.00,USD,https://doctoraltheaglobal.com/collections/all-products,Saisir le prix de vente MAD confirmé par le marchand
244,Dr. Althea,Rapid Hypochlorous Acid Rescue Mist,,Toners & Essences,15.90,USD,https://doctoraltheaglobal.com/collections/all-products,Saisir le prix de vente MAD confirmé par le marchand
259,Dr. Althea,Rapid Mild Acid Rescue Pore Pad,,Toners & Essences,34.90,USD,https://doctoraltheaglobal.com/collections/all-products,Saisir le prix de vente MAD confirmé par le marchand
261,Dr. Althea,Retinol Flat Iron Eye Roller,,Contour des yeux,23.00,USD,https://doctoraltheaglobal.com/collections/all-products,Saisir le prix de vente MAD confirmé par le marchand
260,Dr. Althea,StretchFit Calming Pad (50pcs),50 pads,Toners & Essences,27.00,USD,https://doctoraltheaglobal.com/collections/all-products,Saisir le prix de vente MAD confirmé par le marchand
227,Medicube,Collagen Niacinamide Jelly Cream,,Crèmes,26.00,USD,https://medicube.us/collections/all,Saisir le prix de vente MAD confirmé par le marchand
242,Medicube,Deep Reviving Bakuchiol Retinol Serum,,Sérums & Ampoules,24.00,USD,https://medicube.us/collections/all,Saisir le prix de vente MAD confirmé par le marchand
240,Medicube,Deep Vita C Capsule Cream,,Crèmes,26.00,USD,https://medicube.us/collections/all,Saisir le prix de vente MAD confirmé par le marchand
241,Medicube,Deep Vita C Pads,,Toners & Essences,24.00,USD,https://medicube.us/collections/all,Saisir le prix de vente MAD confirmé par le marchand
232,Medicube,Hyaluronic Acid Capsule Cream,,Crèmes,26.00,USD,https://medicube.us/collections/all,Saisir le prix de vente MAD confirmé par le marchand
217,Medicube,Hypochlorous Acid Power Soothing Spray,,Soins ciblés,22.00,USD,https://medicube.us/collections/all,Saisir le prix de vente MAD confirmé par le marchand
233,Medicube,Kojic Acid Turmeric Overnight Wrapping Mask,,Masques,24.00,USD,https://medicube.us/collections/all,Saisir le prix de vente MAD confirmé par le marchand
223,Medicube,Kojic Acid Turmeric Vitamin Gold Jelly Mist Serum,,Toners & Essences,22.00,USD,https://medicube.us/collections/all,Saisir le prix de vente MAD confirmé par le marchand
216,Medicube,No Cast Just Glow Collagen Sunscreen,,Protection solaire,22.00,USD,https://medicube.us/collections/all,Saisir le prix de vente MAD confirmé par le marchand
218,Medicube,PDRN Pink Collagen Exosome Shot,,Sérums & Ampoules,22.00,USD,https://medicube.us/collections/all,Saisir le prix de vente MAD confirmé par le marchand
222,Medicube,PDRN Pink Collagen Glow Jelly Mist Serum,,Toners & Essences,22.00,USD,https://medicube.us/collections/all,Saisir le prix de vente MAD confirmé par le marchand
229,Medicube,PDRN Pink Gel Cleanser,,Nettoyants,26.00,USD,https://medicube.us/collections/all,Saisir le prix de vente MAD confirmé par le marchand
220,Medicube,PDRN Pink One Day Serum,,Sérums & Ampoules,19.00,USD,https://medicube.us/collections/all,Saisir le prix de vente MAD confirmé par le marchand
221,Medicube,PDRN Pink Peptide Cream,50 ml,Crèmes,26.00,USD,https://medicube.us/products/pdrn-pink-peptide-cream,Saisir le prix de vente MAD confirmé par le marchand
230,Medicube,PDRN Pink Peptide Eye Cream,,Contour des yeux,26.00,USD,https://medicube.us/collections/all,Saisir le prix de vente MAD confirmé par le marchand
219,Medicube,PDRN Pink Peptide Toner,,Toners & Essences,21.00,USD,https://medicube.us/collections/all,Saisir le prix de vente MAD confirmé par le marchand
231,Medicube,PDRN Pink Vita Coating Sheet Mask,,Masques,24.00,USD,https://medicube.us/products/pdrn-pink-vita-coating-sheet-mask,Saisir le prix de vente MAD confirmé par le marchand
228,Medicube,Salmon PDRN Pink Collagen Jelly Gel Mask,,Masques,5.99,USD,https://medicube.us/collections/all,Saisir le prix de vente MAD confirmé par le marchand
234,Medicube,TXA Niacinamide Capsule Cream,,Crèmes,26.00,USD,https://medicube.us/collections/all,Saisir le prix de vente MAD confirmé par le marchand
226,Medicube,Zero Exosome Shot,,Sérums & Ampoules,42.00,USD,https://medicube.us/collections/all,Saisir le prix de vente MAD confirmé par le marchand
239,Medicube,Zero Foam Cleanser,,Nettoyants,20.00,USD,https://medicube.us/collections/all,Saisir le prix de vente MAD confirmé par le marchand
225,Medicube,Zero Pore Blackhead Deep Cleansing Oil,,Huiles & Baumes,21.00,USD,https://medicube.us/collections/all,Saisir le prix de vente MAD confirmé par le marchand
235,Medicube,Zero Pore Capsule Cleansing Foam,,Nettoyants,20.00,USD,https://medicube.us/collections/all,Saisir le prix de vente MAD confirmé par le marchand
236,Medicube,Zero Pore Cooling Mask,,Masques,6.00,USD,https://medicube.us/collections/all,Saisir le prix de vente MAD confirmé par le marchand
238,Medicube,Zero Pore One-day Cream,,Crèmes,26.00,USD,https://medicube.us/collections/all,Saisir le prix de vente MAD confirmé par le marchand
237,Medicube,Zero Pore One-day Peptide Serum,,Sérums & Ampoules,24.00,USD,https://medicube.us/collections/all,Saisir le prix de vente MAD confirmé par le marchand
224,Medicube,Zero Pore Pads,,Toners & Essences,24.00,USD,https://medicube.us/collections/all,Saisir le prix de vente MAD confirmé par le marchand
123,Anua,3 Ceramide Panthenol Moisture Barrier Cream,,Crèmes,22.00,USD,https://anua.com/collections/6-4-moisturizer,Saisir le prix de vente MAD confirmé par le marchand
97,Anua,8 Hyaluronic Acid Hydrating Gentle Foaming Cleanser,,Nettoyants,15.00,USD,https://anua.com/collections/6-1-cleanser,Saisir le prix de vente MAD confirmé par le marchand
100,Anua,8 Hyaluronic Acid Moisturizing Gentle Gel Cleanser,,Nettoyants,15.00,USD,https://anua.com/collections/6-1-cleanser,Saisir le prix de vente MAD confirmé par le marchand
111,Anua,Azelaic 10 Hyaluron Redness Soothing Pad,,Toners & Essences,23.00,USD,https://anua.com/collections/6-2-toner,Saisir le prix de vente MAD confirmé par le marchand
105,Anua,Azelaic 3 Cica Skin Clarifying Toner,,Toners & Essences,21.00,USD,https://anua.com/collections/6-2-toner,Saisir le prix de vente MAD confirmé par le marchand
108,Anua,BHA 2% Gentle Exfoliating Toner,,Toners & Essences,20.00,USD,https://anua.com/collections/6-2-toner,Saisir le prix de vente MAD confirmé par le marchand
121,Anua,Heartleaf 70 Daily Lotion,,Crèmes,26.00,USD,https://anua.com/collections/6-4-moisturizer,Saisir le prix de vente MAD confirmé par le marchand
122,Anua,Heartleaf 70% Intense Calming Cream,,Crèmes,26.00,USD,https://anua.com/collections/6-4-moisturizer,Saisir le prix de vente MAD confirmé par le marchand
113,Anua,Heartleaf 77 Clear Pad,,Toners & Essences,23.00,USD,https://anua.com/collections/6-2-toner,Saisir le prix de vente MAD confirmé par le marchand
103,Anua,Heartleaf 77 Soothing Toner,,Toners & Essences,23.00,USD,https://anua.com/collections/6-2-toner,Saisir le prix de vente MAD confirmé par le marchand
119,Anua,Heartleaf 80% Moisture Soothing Ampoule,,Sérums & Ampoules,22.00,USD,https://anua.com/collections/6-3-serum,Saisir le prix de vente MAD confirmé par le marchand
102,Anua,Heartleaf LHA Moisture Peeling Gel,,Exfoliants,22.00,USD,https://anua.com/collections/6-1-cleanser,Saisir le prix de vente MAD confirmé par le marchand
101,Anua,Heartleaf Low pH Deep Cleansing Water,,Nettoyants,22.00,USD,https://anua.com/collections/6-1-cleanser,Saisir le prix de vente MAD confirmé par le marchand
124,Anua,Invisible Glow Finish Sunstick,,Protection solaire,18.00,USD,https://anua.com/collections/6-6-sunscreen,Saisir le prix de vente MAD confirmé par le marchand
125,Anua,Invisible Matte Finish Sunscreen,,Protection solaire,22.00,USD,https://anua.com/collections/6-6-sunscreen,Saisir le prix de vente MAD confirmé par le marchand
126,Anua,Mineral Weightless Finish Sunscreen,,Protection solaire,18.00,USD,https://anua.com/collections/6-6-sunscreen,Saisir le prix de vente MAD confirmé par le marchand
117,Anua,Nano Retinol 0.3% + Niacin Renewing Serum,,Sérums & Ampoules,25.00,USD,https://anua.com/collections/6-3-serum,Saisir le prix de vente MAD confirmé par le marchand
115,Anua,Niacinamide 10 TXA 4 Serum for Brightening and Dark Spots,,Sérums & Ampoules,24.00,USD,https://anua.com/collections/6-3-serum,Saisir le prix de vente MAD confirmé par le marchand
110,Anua,Niacinamide 5 TXA Brightening Pad,,Toners & Essences,23.00,USD,https://anua.com/collections/6-2-toner,Saisir le prix de vente MAD confirmé par le marchand
104,Anua,Niacinamide Tranexamic Acid Brightening Booster Toner,,Toners & Essences,21.00,USD,https://anua.com/collections/6-2-toner,Saisir le prix de vente MAD confirmé par le marchand
106,Anua,PDRN 100 Hyaluronic Acid Booster Toner,,Toners & Essences,21.00,USD,https://anua.com/collections/6-2-toner,Saisir le prix de vente MAD confirmé par le marchand
112,Anua,PDRN 100 Hyaluronic Acid Glow Pad,,Toners & Essences,23.00,USD,https://anua.com/collections/6-2-toner,Saisir le prix de vente MAD confirmé par le marchand
114,Anua,PDRN Collagen Glow Facial Serum Spray,,Sérums & Ampoules,29.00,USD,https://anua.com/collections/6-3-serum,Saisir le prix de vente MAD confirmé par le marchand
120,Anua,PDRN Hyaluronic Acid 100 Moisturizing Cream,,Crèmes,31.00,USD,https://anua.com/collections/6-4-moisturizer,Saisir le prix de vente MAD confirmé par le marchand
116,Anua,PDRN Hyaluronic Acid Capsule 100 Serum,,Sérums & Ampoules,30.00,USD,https://anua.com/collections/6-3-serum,Saisir le prix de vente MAD confirmé par le marchand
98,Anua,PDRN Hyaluronic Acid Moisturizing Cleansing Foam,,Nettoyants,15.00,USD,https://anua.com/collections/6-1-cleanser,Saisir le prix de vente MAD confirmé par le marchand
109,Anua,Peach 77 Niacin Essence Toner,,Toners & Essences,25.00,USD,https://anua.com/collections/6-2-toner,Saisir le prix de vente MAD confirmé par le marchand
107,Anua,Rice 70 Glow Milky Toner,,Toners & Essences,23.00,USD,https://anua.com/collections/6-2-toner,Saisir le prix de vente MAD confirmé par le marchand
118,Anua,Rice Ceramide 7 Hydrating Barrier Serum,,Sérums & Ampoules,23.00,USD,https://anua.com/collections/6-3-serum,Saisir le prix de vente MAD confirmé par le marchand
99,Anua,Rice Enzyme Brightening Cleansing Powder,,Nettoyants,20.00,USD,https://anua.com/collections/6-1-cleanser,Saisir le prix de vente MAD confirmé par le marchand
197,Beauty of Joseon,Apricot Blossom Peeling Gel,,Exfoliants,13.00,USD,https://beautyofjoseon.com/collections/cleanser,Saisir le prix de vente MAD confirmé par le marchand
209,Beauty of Joseon,Calming Barrier Mask,,Masques,25.00,USD,https://beautyofjoseon.com/collections/mask,Saisir le prix de vente MAD confirmé par le marchand
201,Beauty of Joseon,Calming Barrier Serum : Green Tea-HA + Panthenol,,Sérums & Ampoules,17.00,USD,https://beautyofjoseon.com/collections/serum,Saisir le prix de vente MAD confirmé par le marchand
215,Beauty of Joseon,Day Dew Sunscreen SPF 50,,Protection solaire,18.00,USD,https://beautyofjoseon.com/collections/sunscreens,Saisir le prix de vente MAD confirmé par le marchand
214,Beauty of Joseon,Dayscreen Moisturizer SPF 30,,Protection solaire,20.00,USD,https://beautyofjoseon.com/collections/sunscreens,Saisir le prix de vente MAD confirmé par le marchand
195,Beauty of Joseon,Ginseng Cleansing Oil,210 ml,Huiles & Baumes,20.00,USD,https://beautyofjoseon.com/collections/cleanser/products/ginseng-cleansing-oil,Saisir le prix de vente MAD confirmé par le marchand
198,Beauty of Joseon,Ginseng Essence Water,,Toners & Essences,18.00,USD,https://beautyofjoseon.com/collections/toner-essence,Saisir le prix de vente MAD confirmé par le marchand
204,Beauty of Joseon,Glow Deep Serum : Rice + Alpha-Arbutin,,Sérums & Ampoules,17.00,USD,https://beautyofjoseon.com/collections/serum,Saisir le prix de vente MAD confirmé par le marchand
203,Beauty of Joseon,Glow Serum : Propolis + Niacinamide,,Sérums & Ampoules,17.00,USD,https://beautyofjoseon.com/collections/serum,Saisir le prix de vente MAD confirmé par le marchand
194,Beauty of Joseon,Green Plum Refreshing Cleanser,,Nettoyants,13.00,USD,https://beautyofjoseon.com/collections/cleanser,Saisir le prix de vente MAD confirmé par le marchand
199,Beauty of Joseon,Green Plum Refreshing Toner : AHA + BHA,,Toners & Essences,18.00,USD,https://beautyofjoseon.com/collections/toner-essence,Saisir le prix de vente MAD confirmé par le marchand
211,Beauty of Joseon,Ground Rice and Honey Glow Mask,,Masques,18.00,USD,https://beautyofjoseon.com/collections/mask,Saisir le prix de vente MAD confirmé par le marchand
206,Beauty of Joseon,Light On Serum : Centella + Vita C,,Sérums & Ampoules,17.00,USD,https://beautyofjoseon.com/collections/serum,Saisir le prix de vente MAD confirmé par le marchand
200,Beauty of Joseon,Pore Firming Serum : Red Bean PDRN + Peptide,,Sérums & Ampoules,17.00,USD,https://beautyofjoseon.com/collections/serum,Saisir le prix de vente MAD confirmé par le marchand
196,Beauty of Joseon,Radiance Cleansing Balm,,Huiles & Baumes,19.00,USD,https://beautyofjoseon.com/collections/cleanser,Saisir le prix de vente MAD confirmé par le marchand
212,Beauty of Joseon,Red Bean Refreshing Pore Mask,,Masques,20.00,USD,https://beautyofjoseon.com/collections/mask,Saisir le prix de vente MAD confirmé par le marchand
208,Beauty of Joseon,Red Bean Water Gel,,Crèmes,18.00,USD,https://beautyofjoseon.com/collections/moisturizer,Saisir le prix de vente MAD confirmé par le marchand
202,Beauty of Joseon,Revive Eye Serum : Ginseng + Retinal,,Contour des yeux,17.00,USD,https://beautyofjoseon.com/collections/serum,Saisir le prix de vente MAD confirmé par le marchand
207,Beauty of Joseon,Revive Firming Moisturizer : Ginseng + Retinol,,Crèmes,24.00,USD,https://beautyofjoseon.com/collections/moisturizer,Saisir le prix de vente MAD confirmé par le marchand
205,Beauty of Joseon,Revive Serum : Ginseng + Snail Mucin,,Sérums & Ampoules,17.00,USD,https://beautyofjoseon.com/collections/serum,Saisir le prix de vente MAD confirmé par le marchand
210,Beauty of Joseon,Revive Under Eye Patch: Ginseng + Retinal,,Contour des yeux,20.00,USD,https://beautyofjoseon.com/collections/mask,Saisir le prix de vente MAD confirmé par le marchand
213,Beauty of Joseon,Tinted Mineral Dayscreen SPF 30,,Protection solaire,20.00,USD,https://beautyofjoseon.com/collections/sunscreens,Saisir le prix de vente MAD confirmé par le marchand
139,COSRX,5 PDRN B5 Vital Soothing Toner,,Toners & Essences,13.00,USD,https://www.cosrx.com/collections/best,Saisir le prix de vente MAD confirmé par le marchand
158,COSRX,5 PDRN Collagen Intense Vitalizing Serum,,Sérums & Ampoules,14.00,USD,https://www.cosrx.com/collections/best,Saisir le prix de vente MAD confirmé par le marchand
141,COSRX,5 PDRN Hyaluronic Acid Vital Hydrating Hydrogel Mask,,Masques,6.99,USD,https://www.cosrx.com/collections/best,Saisir le prix de vente MAD confirmé par le marchand
142,COSRX,AC Collection Calming Foam Cleanser,,Nettoyants,9.99,USD,https://www.cosrx.com/collections/best,Saisir le prix de vente MAD confirmé par le marchand
150,COSRX,AHA/BHA Clarifying Treatment Toner,,Toners & Essences,20.00,USD,https://www.cosrx.com/collections/all,Saisir le prix de vente MAD confirmé par le marchand
148,COSRX,Acne Pimple Master Patch,,Soins ciblés,6.99,USD,https://www.cosrx.com/collections/all/best,Saisir le prix de vente MAD confirmé par le marchand
132,COSRX,Advanced Snail 92 All in One Cream,,Crèmes,15.00,USD,https://www.cosrx.com/collections/best,Saisir le prix de vente MAD confirmé par le marchand
131,COSRX,Advanced Snail 96 Mucin Power Essence,,Toners & Essences,9.99,USD,https://www.cosrx.com/collections/best,Saisir le prix de vente MAD confirmé par le marchand
135,COSRX,Advanced Snail Mucin Gel Cleanser,,Nettoyants,6.99,USD,https://www.cosrx.com/collections/best,Saisir le prix de vente MAD confirmé par le marchand
144,COSRX,Advanced Snail Mucin Glass Glow Hydrogel Mask,,Masques,6.99,USD,https://www.cosrx.com/collections/all/best,Saisir le prix de vente MAD confirmé par le marchand
149,COSRX,Advanced Snail Mucin Power Sheet Mask 10 Sheets,,Masques,25.00,USD,https://www.cosrx.com/collections/all/best,Saisir le prix de vente MAD confirmé par le marchand
133,COSRX,Advanced Snail Peptide Eye Cream,,Contour des yeux,28.00,USD,https://www.cosrx.com/collections/best,Saisir le prix de vente MAD confirmé par le marchand
145,COSRX,Advanced Snail Radiance Dual Essence,,Toners & Essences,28.00,USD,https://www.cosrx.com/collections/all/best,Saisir le prix de vente MAD confirmé par le marchand
159,COSRX,Azelaic Acid 10 B5 Redness Soothing Cream,,Crèmes,20.00,USD,https://www.cosrx.com/collections/all,Saisir le prix de vente MAD confirmé par le marchand
137,COSRX,BHA Blackhead Power Liquid,,Sérums & Ampoules,25.00,USD,https://www.cosrx.com/collections/best,Saisir le prix de vente MAD confirmé par le marchand
146,COSRX,Full Fit Propolis Light Ampoule,,Sérums & Ampoules,28.00,USD,https://www.cosrx.com/collections/all/best,Saisir le prix de vente MAD confirmé par le marchand
143,COSRX,Full Fit Propolis Light Cream,,Crèmes,32.00,USD,https://www.cosrx.com/collections/all/best,Saisir le prix de vente MAD confirmé par le marchand
147,COSRX,Full Fit Propolis Nourishing Magnet Sheet Mask,,Masques,6.99,USD,https://www.cosrx.com/collections/all/best,Saisir le prix de vente MAD confirmé par le marchand
140,COSRX,Full Fit Propolis Synergy Toner,,Toners & Essences,22.00,USD,https://www.cosrx.com/collections/best,Saisir le prix de vente MAD confirmé par le marchand
134,COSRX,Hyaluronic Acid Intensive Cream,,Crèmes,25.00,USD,https://www.cosrx.com/collections/best,Saisir le prix de vente MAD confirmé par le marchand
138,COSRX,Low pH Good Morning Gel Cleanser,,Nettoyants,9.99,USD,https://www.cosrx.com/collections/best,Saisir le prix de vente MAD confirmé par le marchand
127,COSRX,The 6 Peptide Skin Booster Serum,,Sérums & Ampoules,25.00,USD,https://www.cosrx.com/collections/best,Saisir le prix de vente MAD confirmé par le marchand
157,COSRX,The Blue Peptide Bakuchiol Plump Bounce Cream,,Crèmes,28.00,USD,https://www.cosrx.com/collections/best,Saisir le prix de vente MAD confirmé par le marchand
156,COSRX,The Blue Peptide Bakuchiol Plump Glow Serum,,Sérums & Ampoules,27.00,USD,https://www.cosrx.com/collections/best,Saisir le prix de vente MAD confirmé par le marchand
128,COSRX,The Ceramide Skin Barrier Moisturizer,,Crèmes,23.00,USD,https://www.cosrx.com/collections/best,Saisir le prix de vente MAD confirmé par le marchand
155,COSRX,The Niacinamide 15 Serum,,Sérums & Ampoules,25.00,USD,https://www.cosrx.com/collections/all,Saisir le prix de vente MAD confirmé par le marchand
129,COSRX,The Peptide Collagen Hydrogel Eye Patch,,Contour des yeux,23.00,USD,https://www.cosrx.com/collections/best,Saisir le prix de vente MAD confirmé par le marchand
136,COSRX,The Peptide Collagen Lifting Glow Hydrogel Mask,,Masques,6.99,USD,https://www.cosrx.com/collections/best,Saisir le prix de vente MAD confirmé par le marchand
153,COSRX,The Retinol 0.1 Cream,,Crèmes,27.00,USD,https://www.cosrx.com/collections/all,Saisir le prix de vente MAD confirmé par le marchand
154,COSRX,The Retinol 0.5 Oil,,Soins ciblés,27.00,USD,https://www.cosrx.com/collections/all,Saisir le prix de vente MAD confirmé par le marchand
152,COSRX,The Vitamin C 13 Serum,,Sérums & Ampoules,21.00,USD,https://www.cosrx.com/collections/all,Saisir le prix de vente MAD confirmé par le marchand
151,COSRX,Ultimate Nourishing Rice Overnight Spa Mask,,Masques,18.00,USD,https://www.cosrx.com/collections/all,Saisir le prix de vente MAD confirmé par le marchand
130,COSRX,Vitamin E Vitalizing Sunscreen SPF 50+,,Protection solaire,23.00,USD,https://www.cosrx.com/collections/best,Saisir le prix de vente MAD confirmé par le marchand
272,AXIS-Y,Biome Comforting Infused Toner,,Toners & Essences,25.00,USD,https://www.axis-y.com/collections/allproducts,Saisir le prix de vente MAD confirmé par le marchand
273,AXIS-Y,Biome Radiating Intensified Essence,,Toners & Essences,27.00,USD,https://www.axis-y.com/collections/allproducts,Saisir le prix de vente MAD confirmé par le marchand
271,AXIS-Y,Biome Resetting Moringa Cleansing Oil,,Huiles & Baumes,20.00,USD,https://www.axis-y.com/collections/allproducts,Saisir le prix de vente MAD confirmé par le marchand
270,AXIS-Y,Biome Ultimate Indulging Cream,,Crèmes,27.00,USD,https://www.axis-y.com/collections/allproducts,Saisir le prix de vente MAD confirmé par le marchand
268,AXIS-Y,CALAMINE Pore Control Capsule Serum,,Sérums & Ampoules,16.99,USD,https://www.axis-y.com/collections/allproducts,Saisir le prix de vente MAD confirmé par le marchand
277,AXIS-Y,Cera-Heart My Type Duo Cream,,Crèmes,22.99,USD,https://www.axis-y.com/collections/allproducts,Saisir le prix de vente MAD confirmé par le marchand
275,AXIS-Y,Daily Purifying Treatment Toner,,Toners & Essences,18.99,USD,https://www.axis-y.com/collections/allproducts,Saisir le prix de vente MAD confirmé par le marchand
279,AXIS-Y,Heartleaf Skin Soothing Gel Mask,,Masques,17.99,USD,https://www.axis-y.com/collections/allproducts,Saisir le prix de vente MAD confirmé par le marchand
262,AXIS-Y,Kojic Yuzu Cleansing Water,,Nettoyants,18.99,USD,https://www.axis-y.com/collections/allproducts,Saisir le prix de vente MAD confirmé par le marchand
263,AXIS-Y,Kojic Yuzu Pack Cleanser,,Nettoyants,19.99,USD,https://www.axis-y.com/collections/allproducts,Saisir le prix de vente MAD confirmé par le marchand
269,AXIS-Y,LHA Peel & Fill Pore Balancing Cream,,Exfoliants,16.99,USD,https://www.axis-y.com/collections/allproducts,Saisir le prix de vente MAD confirmé par le marchand
278,AXIS-Y,Mugwort Pore Clarifying Wash Off Pack,,Masques,17.99,USD,https://www.axis-y.com/collections/allproducts,Saisir le prix de vente MAD confirmé par le marchand
267,AXIS-Y,Panthenol 10 Skin Smoothing Shield Cream,,Crèmes,17.99,USD,https://www.axis-y.com/collections/allproducts,Saisir le prix de vente MAD confirmé par le marchand
274,AXIS-Y,Quinoa One Step Balanced Gel Cleanser,,Nettoyants,14.99,USD,https://www.axis-y.com/collections/allproducts,Saisir le prix de vente MAD confirmé par le marchand
276,AXIS-Y,Sunday Morning Refreshing Cleansing Foam,,Nettoyants,10.99,USD,https://www.axis-y.com/collections/allproducts,Saisir le prix de vente MAD confirmé par le marchand
266,AXIS-Y,TXA 2.5% Intensive Brightening Cream,,Crèmes,19.99,USD,https://www.axis-y.com/collections/allproducts,Saisir le prix de vente MAD confirmé par le marchand
280,AXIS-Y,TXA 3% Intensive Radiance Boosting Serum,,Sérums & Ampoules,20.99,USD,https://www.axis-y.com/collections/allproducts,Saisir le prix de vente MAD confirmé par le marchand
265,AXIS-Y,Triple PDRN Barrier Boost Serum,,Sérums & Ampoules,20.99,USD,https://www.axis-y.com/collections/allproducts,Saisir le prix de vente MAD confirmé par le marchand
264,AXIS-Y,Triple PDRN Gel Toner,,Toners & Essences,17.99,USD,https://www.axis-y.com/collections/allproducts,Saisir le prix de vente MAD confirmé par le marchand
281,SOME BY MI,AHA-BHA-PHA 30 Days Miracle Acne Clear Foam,100ml,Soins ciblés,,,https://en.somebymi.com/category/shop/380/,Saisir le prix de vente MAD confirmé par le marchand
282,SOME BY MI,AHA-BHA-PHA 30 Days Miracle Truecica Clear Pad,70 pads,Toners & Essences,,,https://en.somebymi.com/category/shop/380/,Saisir le prix de vente MAD confirmé par le marchand
283,SOME BY MI,AHA.BHA.PHA Miracle Daily Mask,30 sheets,Masques,,,https://en.somebymi.com/category/shop/380/,Saisir le prix de vente MAD confirmé par le marchand
296,SOME BY MI,Beta Panthenol Repair Gel Cleanser,120ml,Nettoyants,,,https://en.somebymi.com/category/beta-panthenol/393/,Saisir le prix de vente MAD confirmé par le marchand
303,SOME BY MI,Galactomyces Glutathione Brightening Cream,40ml,Crèmes,,,https://en.somebymi.com/category/shop/380/,Saisir le prix de vente MAD confirmé par le marchand
293,SOME BY MI,Retinol Bakuchiol Bubble Toner,100ml,Toners & Essences,,,https://en.somebymi.com/category/retinol/392/,Saisir le prix de vente MAD confirmé par le marchand
294,SOME BY MI,Retinol Bakuchiol Dual Cream,50ml,Crèmes,,,https://en.somebymi.com/category/retinol/392/,Saisir le prix de vente MAD confirmé par le marchand
292,SOME BY MI,Retinol Intense Advanced Triple Action Eye Cream,30ml,Contour des yeux,,,https://en.somebymi.com/category/retinol/392/,Saisir le prix de vente MAD confirmé par le marchand
295,SOME BY MI,Retinol Intense Daily Mask,30 sheets,Masques,,,https://en.somebymi.com/category/retinol/392/,Saisir le prix de vente MAD confirmé par le marchand
291,SOME BY MI,Retinol Intense Reactivating Serum,50ml,Sérums & Ampoules,,,https://en.somebymi.com/category/retinol/392/,Saisir le prix de vente MAD confirmé par le marchand
286,SOME BY MI,Snail Truecica Miracle Repair Cream,60g,Crèmes,,,https://en.somebymi.com/category/shop/380/,Saisir le prix de vente MAD confirmé par le marchand
285,SOME BY MI,Snail Truecica Miracle Repair Serum,50ml,Sérums & Ampoules,,,https://en.somebymi.com/category/shop/380/,Saisir le prix de vente MAD confirmé par le marchand
284,SOME BY MI,Snail Truecica Miracle Repair Toner,150ml,Toners & Essences,,,https://en.somebymi.com/category/shop/380/,Saisir le prix de vente MAD confirmé par le marchand
300,SOME BY MI,Super Matcha Pore Clean Clay Mask,100g,Masques,,,https://en.somebymi.com/category/shop/380/,Saisir le prix de vente MAD confirmé par le marchand
297,SOME BY MI,Super Matcha Pore Clean Cleansing Gel,100ml,Nettoyants,,,https://en.somebymi.com/category/shop/380/,Saisir le prix de vente MAD confirmé par le marchand
299,SOME BY MI,Super Matcha Pore Tightening Serum,50ml,Sérums & Ampoules,,,https://en.somebymi.com/category/shop/380/,Saisir le prix de vente MAD confirmé par le marchand
298,SOME BY MI,Super Matcha Pore Tightening Toner,150ml,Toners & Essences,,,https://en.somebymi.com/category/shop/380/,Saisir le prix de vente MAD confirmé par le marchand
301,SOME BY MI,V10 Hyal Antioxidant Sunscreen,40g,Protection solaire,,,https://en.somebymi.com/category/shop/380/,Saisir le prix de vente MAD confirmé par le marchand
302,SOME BY MI,V10 Hyal Hydra Capsule Sunscreen,40ml,Protection solaire,,,https://en.somebymi.com/category/shop/380/,Saisir le prix de vente MAD confirmé par le marchand
289,SOME BY MI,Yuja Niacin 30 Days Miracle Brightening Toner,150ml,Toners & Essences,,,https://en.somebymi.com/category/shop/380/,Saisir le prix de vente MAD confirmé par le marchand
288,SOME BY MI,Yuja Niacin Anti-Blemish Cream,60g,Crèmes,,,https://en.somebymi.com/category/shop/380/,Saisir le prix de vente MAD confirmé par le marchand
287,SOME BY MI,Yuja Niacin Anti-Blemish Serum,50ml,Sérums & Ampoules,,,https://en.somebymi.com/category/shop/380/,Saisir le prix de vente MAD confirmé par le marchand
290,SOME BY MI,Yuja Niacin Brightening Moisture Gel Cream,100ml,Crèmes,,,https://en.somebymi.com/category/shop/380/,Saisir le prix de vente MAD confirmé par le marchand
